# sup	 k 	 masks 	 p*
1.126767	4,1,2,3,4	8,0,0,0,0	0.6033,0.6033,0.6033,0.3967,0.3967,0.3333,0.3333,0.3333,0.3333
1.117818	4,1,2,3,3	8,0,0,4,0	0.5764,0.5764,0.5764,0.4236,0.4236,0.4236,0.4236,0.2707,0.2707
1.135345	4,1,2,3,4	8,0,0,4,0	0.5764,0.5764,0.5764,0.4236,0.4236,0.4236,0.4236,0.2882,0.2882
1.126767	4,1,3,2,4	8,0,0,0,0	0.6033,0.6033,0.6033,0.3967,0.3967,0.3333,0.3333,0.3333,0.3333
1.117818	4,1,3,2,2	8,0,0,2,0	0.5764,0.5764,0.5764,0.4236,0.4236,0.4236,0.4236,0.2707,0.2707
1.135345	4,1,3,2,4	8,0,0,2,0	0.5764,0.5764,0.5764,0.4236,0.4236,0.4236,0.4236,0.2882,0.2882
1.126767	4,1,2,3,4	8,0,2,0,0	0.6033,0.6033,0.6033,0.3967,0.3967,0.3333,0.3333,0.3333,0.3333
1.117818	4,1,2,3,3	8,0,2,4,0	0.5764,0.5764,0.5764,0.4236,0.4236,0.4236,0.4236,0.2707,0.2707
1.135345	4,1,2,3,4	8,0,2,4,0	0.5764,0.5764,0.5764,0.4236,0.4236,0.4236,0.4236,0.2882,0.2882
1.126767	4,1,3,2,4	8,0,4,0,0	0.6033,0.6033,0.6033,0.3967,0.3967,0.3333,0.3333,0.3333,0.3333
1.117818	4,1,3,2,2	8,0,4,2,0	0.5764,0.5764,0.5764,0.4236,0.4236,0.4236,0.4236,0.2707,0.2707
1.135345	4,1,3,2,4	8,0,4,2,0	0.5764,0.5764,0.5764,0.4236,0.4236,0.4236,0.4236,0.2882,0.2882
1.126767	4,1,2,3,4	8,0,6,0,0	0.6033,0.6033,0.6033,0.3967,0.3967,0.3333,0.3333,0.3333,0.3333
1.117818	4,1,2,3,2	8,0,6,4,0	0.5764,0.5764,0.5764,0.4236,0.4236,0.4236,0.2707,0.2707,0.2707
1.117818	4,1,2,3,3	8,0,6,4,0	0.5764,0.5764,0.5764,0.4236,0.4236,0.4236,0.2707,0.2707,0.2707
1.18046	4,1,2,3,4	8,0,6,4,0	0.5764,0.5764,0.5764,0.4236,0.4236,0.4236,0.3333,0.3333,0.3333
1.126767	4,1,3,2,4	8,0,6,0,0	0.6033,0.6033,0.6033,0.3967,0.3967,0.3333,0.3333,0.3333,0.3333
1.117818	4,1,3,2,2	8,0,6,2,0	0.5764,0.5764,0.5764,0.4236,0.4236,0.4236,0.2707,0.2707,0.2707
1.117818	4,1,3,2,3	8,0,6,2,0	0.5764,0.5764,0.5764,0.4236,0.4236,0.4236,0.2707,0.2707,0.2707
1.18046	4,1,3,2,4	8,0,6,2,0	0.5764,0.5764,0.5764,0.4236,0.4236,0.4236,0.3333,0.3333,0.3333
1.126767	4,2,1,3,4	8,0,0,0,0	0.6033,0.6033,0.6033,0.3967,0.3967,0.3333,0.3333,0.3333,0.3333
1.117818	4,2,1,3,3	8,0,0,4,0	0.5764,0.5764,0.5764,0.4236,0.4236,0.4236,0.4236,0.2707,0.2707
1.135345	4,2,1,3,4	8,0,0,4,0	0.5764,0.5764,0.5764,0.4236,0.4236,0.4236,0.4236,0.2882,0.2882
1.129503	4,2,3,1,4	8,0,0,0,0	0.6379,0.5947,0.5947,0.4053,0.4053,0.3621,0.3621,0.3189,0.3189
1.117818	4,2,3,1,1	8,0,0,1,0	0.5764,0.5764,0.5764,0.4236,0.4236,0.4236,0.4236,0.2707,0.2707
1.135345	4,2,3,1,4	8,0,0,1,0	0.5764,0.5764,0.5764,0.4236,0.4236,0.4236,0.4236,0.2882,0.2882
1.126767	4,2,1,3,4	8,0,1,0,0	0.6033,0.6033,0.6033,0.3967,0.3967,0.3333,0.3333,0.3333,0.3333
1.117818	4,2,1,3,3	8,0,1,4,0	0.5764,0.5764,0.5764,0.4236,0.4236,0.4236,0.4236,0.2707,0.2707
1.135345	4,2,1,3,4	8,0,1,4,0	0.5764,0.5764,0.5764,0.4236,0.4236,0.4236,0.4236,0.2882,0.2882
1.117818	4,2,3,1,3	8,0,4,0,0	0.7293,0.5764,0.5764,0.4236,0.4236,0.4236,0.2707,0.2707,0.2707
1.148922	4,2,3,1,4	8,0,4,0,0	0.6294,0.5922,0.5922,0.4078,0.4078,0.3706,0.3333,0.3333,0.3333
1.117818	4,2,3,1,1	8,0,4,1,0	0.5764,0.5764,0.5764,0.4236,0.4236,0.4236,0.4236,0.2707,0.2707
1.117818	4,2,3,1,3	8,0,4,1,0	0.7293,0.5764,0.5764,0.4236,0.4236,0.4236,0.2707,0.2707,0.2707
1.148922	4,2,3,1,4	8,0,4,1,0	0.6294,0.5922,0.5922,0.4078,0.4078,0.3706,0.3333,0.3333,0.3333
1.126767	4,2,1,3,4	8,0,5,0,0	0.6033,0.6033,0.6033,0.3967,0.3967,0.3333,0.3333,0.3333,0.3333
1.117818	4,2,1,3,1	8,0,5,4,0	0.5764,0.5764,0.5764,0.4236,0.4236,0.4236,0.2707,0.2707,0.2707
1.117818	4,2,1,3,3	8,0,5,4,0	0.5764,0.5764,0.5764,0.4236,0.4236,0.4236,0.2707,0.2707,0.2707
1.18046	4,2,1,3,4	8,0,5,4,0	0.5764,0.5764,0.5764,0.4236,0.4236,0.4236,0.3333,0.3333,0.3333
1.126767	4,2,3,1,4	8,0,5,0,0	0.6033,0.6033,0.6033,0.3967,0.3967,0.3333,0.3333,0.3333,0.3333
1.117818	4,2,3,1,1	8,0,5,1,0	0.5764,0.5764,0.5764,0.4236,0.4236,0.4236,0.2707,0.2707,0.2707
1.117818	4,2,3,1,3	8,0,5,1,0	0.5764,0.5764,0.5764,0.4236,0.4236,0.4236,0.2707,0.2707,0.2707
1.18046	4,2,3,1,4	8,0,5,1,0	0.5764,0.5764,0.5764,0.4236,0.4236,0.4236,0.3333,0.3333,0.3333
1.140724	4,3,1,2,4	8,0,0,0,0	0.6198,0.6198,0.5729,0.4271,0.3802,0.3802,0.3333,0.3333,0.3333
1.117818	4,3,1,2,2	8,0,0,2,0	0.5764,0.5764,0.5764,0.4236,0.4236,0.4236,0.4236,0.2707,0.2707
1.140724	4,3,1,2,4	8,0,0,2,0	0.6198,0.6198,0.5729,0.4271,0.3802,0.3802,0.3333,0.3333,0.3333
1.140724	4,3,2,1,4	8,0,0,0,0	0.6198,0.6198,0.5729,0.4271,0.3802,0.3802,0.3333,0.3333,0.3333
1.117818	4,3,2,1,1	8,0,0,1,0	0.5764,0.5764,0.5764,0.4236,0.4236,0.4236,0.4236,0.2707,0.2707
1.140724	4,3,2,1,4	8,0,0,1,0	0.6198,0.6198,0.5729,0.4271,0.3802,0.3802,0.3333,0.3333,0.3333
1.140724	4,3,1,2,4	8,0,1,0,0	0.6198,0.6198,0.5729,0.4271,0.3802,0.3802,0.3333,0.3333,0.3333
1.117818	4,3,1,2,2	8,0,1,2,0	0.5764,0.5764,0.5764,0.4236,0.4236,0.4236,0.4236,0.2707,0.2707
1.140724	4,3,1,2,4	8,0,1,2,0	0.6198,0.6198,0.5729,0.4271,0.3802,0.3802,0.3333,0.3333,0.3333
1.117818	4,3,2,1,2	8,0,2,0,0	0.7293,0.5764,0.5764,0.4236,0.4236,0.4236,0.2707,0.2707,0.2707
1.148922	4,3,2,1,4	8,0,2,0,0	0.6294,0.5922,0.5922,0.4078,0.4078,0.3706,0.3333,0.3333,0.3333
1.117818	4,3,2,1,1	8,0,2,1,0	0.5764,0.5764,0.5764,0.4236,0.4236,0.4236,0.4236,0.2707,0.2707
1.117818	4,3,2,1,2	8,0,2,1,0	0.7293,0.5764,0.5764,0.4236,0.4236,0.4236,0.2707,0.2707,0.2707
1.148922	4,3,2,1,4	8,0,2,1,0	0.6294,0.5922,0.5922,0.4078,0.4078,0.3706,0.3333,0.3333,0.3333
1.140724	4,3,1,2,4	8,0,3,0,0	0.6198,0.6198,0.5729,0.4271,0.3802,0.3802,0.3333,0.3333,0.3333
1.117818	4,3,1,2,1	8,0,3,2,0	0.5764,0.5764,0.5764,0.4236,0.4236,0.4236,0.2707,0.2707,0.2707
1.117818	4,3,1,2,2	8,0,3,2,0	0.5764,0.5764,0.5764,0.4236,0.4236,0.4236,0.2707,0.2707,0.2707
1.18046	4,3,1,2,4	8,0,3,2,0	0.5764,0.5764,0.5764,0.4236,0.4236,0.4236,0.3333,0.3333,0.3333
1.140724	4,3,2,1,4	8,0,3,0,0	0.6198,0.6198,0.5729,0.4271,0.3802,0.3802,0.3333,0.3333,0.3333
1.117818	4,3,2,1,1	8,0,3,1,0	0.5764,0.5764,0.5764,0.4236,0.4236,0.4236,0.2707,0.2707,0.2707
1.117818	4,3,2,1,2	8,0,3,1,0	0.5764,0.5764,0.5764,0.4236,0.4236,0.4236,0.2707,0.2707,0.2707
1.18046	4,3,2,1,4	8,0,3,1,0	0.5764,0.5764,0.5764,0.4236,0.4236,0.4236,0.3333,0.3333,0.3333
1.126767	4,1,2,3,4	8,1,0,0,0	0.6033,0.6033,0.6033,0.3967,0.3967,0.3333,0.3333,0.3333,0.3333
1.117818	4,1,2,3,3	8,1,0,4,0	0.5764,0.5764,0.5764,0.4236,0.4236,0.4236,0.4236,0.2707,0.2707
1.135345	4,1,2,3,4	8,1,0,4,0	0.5764,0.5764,0.5764,0.4236,0.4236,0.4236,0.4236,0.2882,0.2882
1.126767	4,1,3,2,4	8,1,0,0,0	0.6033,0.6033,0.6033,0.3967,0.3967,0.3333,0.3333,0.3333,0.3333
1.117818	4,1,3,2,2	8,1,0,2,0	0.5764,0.5764,0.5764,0.4236,0.4236,0.4236,0.4236,0.2707,0.2707
1.135345	4,1,3,2,4	8,1,0,2,0	0.5764,0.5764,0.5764,0.4236,0.4236,0.4236,0.4236,0.2882,0.2882
1.126767	4,1,2,3,4	8,1,2,0,0	0.6033,0.6033,0.6033,0.3967,0.3967,0.3333,0.3333,0.3333,0.3333
1.117818	4,1,2,3,3	8,1,2,4,0	0.5764,0.5764,0.5764,0.4236,0.4236,0.4236,0.4236,0.2707,0.2707
1.135345	4,1,2,3,4	8,1,2,4,0	0.5764,0.5764,0.5764,0.4236,0.4236,0.4236,0.4236,0.2882,0.2882
1.126767	4,1,3,2,4	8,1,4,0,0	0.6033,0.6033,0.6033,0.3967,0.3967,0.3333,0.3333,0.3333,0.3333
1.117818	4,1,3,2,2	8,1,4,2,0	0.5764,0.5764,0.5764,0.4236,0.4236,0.4236,0.4236,0.2707,0.2707
1.135345	4,1,3,2,4	8,1,4,2,0	0.5764,0.5764,0.5764,0.4236,0.4236,0.4236,0.4236,0.2882,0.2882
1.126767	4,1,2,3,4	8,1,6,0,0	0.6033,0.6033,0.6033,0.3967,0.3967,0.3333,0.3333,0.3333,0.3333
1.117818	4,1,2,3,2	8,1,6,4,0	0.5764,0.5764,0.5764,0.4236,0.4236,0.4236,0.2707,0.2707,0.2707
1.117818	4,1,2,3,3	8,1,6,4,0	0.5764,0.5764,0.5764,0.4236,0.4236,0.4236,0.2707,0.2707,0.2707
1.18046	4,1,2,3,4	8,1,6,4,0	0.5764,0.5764,0.5764,0.4236,0.4236,0.4236,0.3333,0.3333,0.3333
1.126767	4,1,3,2,4	8,1,6,0,0	0.6033,0.6033,0.6033,0.3967,0.3967,0.3333,0.3333,0.3333,0.3333
1.117818	4,1,3,2,2	8,1,6,2,0	0.5764,0.5764,0.5764,0.4236,0.4236,0.4236,0.2707,0.2707,0.2707
1.117818	4,1,3,2,3	8,1,6,2,0	0.5764,0.5764,0.5764,0.4236,0.4236,0.4236,0.2707,0.2707,0.2707
1.18046	4,1,3,2,4	8,1,6,2,0	0.5764,0.5764,0.5764,0.4236,0.4236,0.4236,0.3333,0.3333,0.3333
1.126767	4,2,1,3,4	8,2,0,0,0	0.6033,0.6033,0.6033,0.3967,0.3967,0.3333,0.3333,0.3333,0.3333
1.117818	4,2,1,3,3	8,2,0,4,0	0.5764,0.5764,0.5764,0.4236,0.4236,0.4236,0.4236,0.2707,0.2707
1.135345	4,2,1,3,4	8,2,0,4,0	0.5764,0.5764,0.5764,0.4236,0.4236,0.4236,0.4236,0.2882,0.2882
1.129503	4,2,3,1,4	8,2,0,0,0	0.6379,0.5947,0.5947,0.4053,0.4053,0.3621,0.3621,0.3189,0.3189
1.117818	4,2,3,1,1	8,2,0,1,0	0.5764,0.5764,0.5764,0.4236,0.4236,0.4236,0.4236,0.2707,0.2707
1.135345	4,2,3,1,4	8,2,0,1,0	0.5764,0.5764,0.5764,0.4236,0.4236,0.4236,0.4236,0.2882,0.2882
1.126767	4,2,1,3,4	8,2,1,0,0	0.6033,0.6033,0.6033,0.3967,0.3967,0.3333,0.3333,0.3333,0.3333
1.117818	4,2,1,3,3	8,2,1,4,0	0.5764,0.5764,0.5764,0.4236,0.4236,0.4236,0.4236,0.2707,0.2707
1.135345	4,2,1,3,4	8,2,1,4,0	0.5764,0.5764,0.5764,0.4236,0.4236,0.4236,0.4236,0.2882,0.2882
1.117818	4,2,3,1,3	8,2,4,0,0	0.7293,0.5764,0.5764,0.4236,0.4236,0.4236,0.2707,0.2707,0.2707
1.148922	4,2,3,1,4	8,2,4,0,0	0.6294,0.5922,0.5922,0.4078,0.4078,0.3706,0.3333,0.3333,0.3333
1.117818	4,2,3,1,1	8,2,4,1,0	0.5764,0.5764,0.5764,0.4236,0.4236,0.4236,0.4236,0.2707,0.2707
1.117818	4,2,3,1,3	8,2,4,1,0	0.7293,0.5764,0.5764,0.4236,0.4236,0.4236,0.2707,0.2707,0.2707
1.148922	4,2,3,1,4	8,2,4,1,0	0.6294,0.5922,0.5922,0.4078,0.4078,0.3706,0.3333,0.3333,0.3333
1.126767	4,2,1,3,4	8,2,5,0,0	0.6033,0.6033,0.6033,0.3967,0.3967,0.3333,0.3333,0.3333,0.3333
1.117818	4,2,1,3,1	8,2,5,4,0	0.5764,0.5764,0.5764,0.4236,0.4236,0.4236,0.2707,0.2707,0.2707
1.117818	4,2,1,3,3	8,2,5,4,0	0.5764,0.5764,0.5764,0.4236,0.4236,0.4236,0.2707,0.2707,0.2707
1.18046	4,2,1,3,4	8,2,5,4,0	0.5764,0.5764,0.5764,0.4236,0.4236,0.4236,0.3333,0.3333,0.3333
1.126767	4,2,3,1,4	8,2,5,0,0	0.6033,0.6033,0.6033,0.3967,0.3967,0.3333,0.3333,0.3333,0.3333
1.117818	4,2,3,1,1	8,2,5,1,0	0.5764,0.5764,0.5764,0.4236,0.4236,0.4236,0.2707,0.2707,0.2707
1.117818	4,2,3,1,3	8,2,5,1,0	0.5764,0.5764,0.5764,0.4236,0.4236,0.4236,0.2707,0.2707,0.2707
1.18046	4,2,3,1,4	8,2,5,1,0	0.5764,0.5764,0.5764,0.4236,0.4236,0.4236,0.3333,0.3333,0.3333
1.126767	4,1,2,3,4	8,3,0,0,0	0.6033,0.6033,0.6033,0.3967,0.3967,0.3333,0.3333,0.3333,0.3333
1.117818	4,1,2,3,3	8,3,0,4,0	0.5764,0.5764,0.5764,0.4236,0.4236,0.4236,0.4236,0.2707,0.2707
1.135345	4,1,2,3,4	8,3,0,4,0	0.5764,0.5764,0.5764,0.4236,0.4236,0.4236,0.4236,0.2882,0.2882
1.126767	4,1,3,2,4	8,3,0,0,0	0.6033,0.6033,0.6033,0.3967,0.3967,0.3333,0.3333,0.3333,0.3333
1.117818	4,1,3,2,2	8,3,0,2,0	0.5764,0.5764,0.5764,0.4236,0.4236,0.4236,0.4236,0.2707,0.2707
1.135345	4,1,3,2,4	8,3,0,2,0	0.5764,0.5764,0.5764,0.4236,0.4236,0.4236,0.4236,0.2882,0.2882
1.126767	4,1,2,3,4	8,3,2,0,0	0.6033,0.6033,0.6033,0.3967,0.3967,0.3333,0.3333,0.3333,0.3333
1.117818	4,1,2,3,3	8,3,2,4,0	0.5764,0.5764,0.5764,0.4236,0.4236,0.4236,0.4236,0.2707,0.2707
1.135345	4,1,2,3,4	8,3,2,4,0	0.5764,0.5764,0.5764,0.4236,0.4236,0.4236,0.4236,0.2882,0.2882
1.126767	4,1,3,2,4	8,3,4,0,0	0.6033,0.6033,0.6033,0.3967,0.3967,0.3333,0.3333,0.3333,0.3333
1.117818	4,1,3,2,2	8,3,4,2,0	0.5764,0.5764,0.5764,0.4236,0.4236,0.4236,0.4236,0.2707,0.2707
1.135345	4,1,3,2,4	8,3,4,2,0	0.5764,0.5764,0.5764,0.4236,0.4236,0.4236,0.4236,0.2882,0.2882
1.126767	4,1,2,3,4	8,3,6,0,0	0.6033,0.6033,0.6033,0.3967,0.3967,0.3333,0.3333,0.3333,0.3333
1.117818	4,1,2,3,2	8,3,6,4,0	0.5764,0.5764,0.5764,0.4236,0.4236,0.4236,0.2707,0.2707,0.2707
1.117818	4,1,2,3,3	8,3,6,4,0	0.5764,0.5764,0.5764,0.4236,0.4236,0.4236,0.2707,0.2707,0.2707
1.18046	4,1,2,3,4	8,3,6,4,0	0.5764,0.5764,0.5764,0.4236,0.4236,0.4236,0.3333,0.3333,0.3333
1.126767	4,1,3,2,4	8,3,6,0,0	0.6033,0.6033,0.6033,0.3967,0.3967,0.3333,0.3333,0.3333,0.3333
1.117818	4,1,3,2,2	8,3,6,2,0	0.5764,0.5764,0.5764,0.4236,0.4236,0.4236,0.2707,0.2707,0.2707
1.117818	4,1,3,2,3	8,3,6,2,0	0.5764,0.5764,0.5764,0.4236,0.4236,0.4236,0.2707,0.2707,0.2707
1.18046	4,1,3,2,4	8,3,6,2,0	0.5764,0.5764,0.5764,0.4236,0.4236,0.4236,0.3333,0.3333,0.3333
1.126767	4,2,1,3,4	8,3,0,0,0	0.6033,0.6033,0.6033,0.3967,0.3967,0.3333,0.3333,0.3333,0.3333
1.117818	4,2,1,3,3	8,3,0,4,0	0.5764,0.5764,0.5764,0.4236,0.4236,0.4236,0.4236,0.2707,0.2707
1.135345	4,2,1,3,4	8,3,0,4,0	0.5764,0.5764,0.5764,0.4236,0.4236,0.4236,0.4236,0.2882,0.2882
1.126767	4,2,3,1,4	8,3,0,0,0	0.6033,0.6033,0.6033,0.3967,0.3967,0.3333,0.3333,0.3333,0.3333
1.117818	4,2,3,1,1	8,3,0,1,0	0.5764,0.5764,0.5764,0.4236,0.4236,0.4236,0.4236,0.2707,0.2707
1.135345	4,2,3,1,4	8,3,0,1,0	0.5764,0.5764,0.5764,0.4236,0.4236,0.4236,0.4236,0.2882,0.2882
1.126767	4,2,1,3,4	8,3,1,0,0	0.6033,0.6033,0.6033,0.3967,0.3967,0.3333,0.3333,0.3333,0.3333
1.117818	4,2,1,3,3	8,3,1,4,0	0.5764,0.5764,0.5764,0.4236,0.4236,0.4236,0.4236,0.2707,0.2707
1.135345	4,2,1,3,4	8,3,1,4,0	0.5764,0.5764,0.5764,0.4236,0.4236,0.4236,0.4236,0.2882,0.2882
1.126767	4,2,3,1,4	8,3,4,0,0	0.6033,0.6033,0.6033,0.3967,0.3967,0.3333,0.3333,0.3333,0.3333
1.117818	4,2,3,1,1	8,3,4,1,0	0.5764,0.5764,0.5764,0.4236,0.4236,0.4236,0.4236,0.2707,0.2707
1.135345	4,2,3,1,4	8,3,4,1,0	0.5764,0.5764,0.5764,0.4236,0.4236,0.4236,0.4236,0.2882,0.2882
1.126767	4,2,1,3,4	8,3,5,0,0	0.6033,0.6033,0.6033,0.3967,0.3967,0.3333,0.3333,0.3333,0.3333
1.117818	4,2,1,3,1	8,3,5,4,0	0.5764,0.5764,0.5764,0.4236,0.4236,0.4236,0.2707,0.2707,0.2707
1.117818	4,2,1,3,3	8,3,5,4,0	0.5764,0.5764,0.5764,0.4236,0.4236,0.4236,0.2707,0.2707,0.2707
1.18046	4,2,1,3,4	8,3,5,4,0	0.5764,0.5764,0.5764,0.4236,0.4236,0.4236,0.3333,0.3333,0.3333
1.126767	4,2,3,1,4	8,3,5,0,0	0.6033,0.6033,0.6033,0.3967,0.3967,0.3333,0.3333,0.3333,0.3333
1.117818	4,2,3,1,1	8,3,5,1,0	0.5764,0.5764,0.5764,0.4236,0.4236,0.4236,0.2707,0.2707,0.2707
1.117818	4,2,3,1,3	8,3,5,1,0	0.5764,0.5764,0.5764,0.4236,0.4236,0.4236,0.2707,0.2707,0.2707
1.18046	4,2,3,1,4	8,3,5,1,0	0.5764,0.5764,0.5764,0.4236,0.4236,0.4236,0.3333,0.3333,0.3333
1.117818	4,3,1,2,3	8,4,0,0,0	0.7293,0.7293,0.5764,0.4236,0.4236,0.2707,0.2707,0.2707,0.2707
1.140724	4,3,1,2,4	8,4,0,0,0	0.6198,0.6198,0.5729,0.4271,0.3802,0.3333,0.3333,0.3333,0.3333
1.117818	4,3,1,2,2	8,4,0,2,0	0.5764,0.5764,0.5764,0.4236,0.4236,0.4236,0.4236,0.2707,0.2707
1.117818	4,3,1,2,3	8,4,0,2,0	0.7293,0.7293,0.5764,0.4236,0.4236,0.2707,0.2707,0.2707,0.2707
1.140724	4,3,1,2,4	8,4,0,2,0	0.6198,0.6198,0.5729,0.4271,0.3802,0.3333,0.3333,0.3333,0.3333
1.117818	4,3,2,1,3	8,4,0,0,0	0.7293,0.7293,0.5764,0.4236,0.4236,0.2707,0.2707,0.2707,0.2707
1.140724	4,3,2,1,4	8,4,0,0,0	0.6198,0.6198,0.5729,0.4271,0.3802,0.3333,0.3333,0.3333,0.3333
1.117818	4,3,2,1,1	8,4,0,1,0	0.5764,0.5764,0.5764,0.4236,0.4236,0.4236,0.4236,0.2707,0.2707
1.117818	4,3,2,1,3	8,4,0,1,0	0.7293,0.7293,0.5764,0.4236,0.4236,0.2707,0.2707,0.2707,0.2707
1.140724	4,3,2,1,4	8,4,0,1,0	0.6198,0.6198,0.5729,0.4271,0.3802,0.3333,0.3333,0.3333,0.3333
1.117818	4,3,1,2,3	8,4,1,0,0	0.7293,0.7293,0.5764,0.4236,0.4236,0.2707,0.2707,0.2707,0.2707
1.140724	4,3,1,2,4	8,4,1,0,0	0.6198,0.6198,0.5729,0.4271,0.3802,0.3333,0.3333,0.3333,0.3333
1.117818	4,3,1,2,2	8,4,1,2,0	0.5764,0.5764,0.5764,0.4236,0.4236,0.4236,0.4236,0.2707,0.2707
1.117818	4,3,1,2,3	8,4,1,2,0	0.7293,0.7293,0.5764,0.4236,0.4236,0.2707,0.2707,0.2707,0.2707
1.140724	4,3,1,2,4	8,4,1,2,0	0.6198,0.6198,0.5729,0.4271,0.3802,0.3333,0.3333,0.3333,0.3333
1.117818	4,3,2,1,2	8,4,2,0,0	0.7293,0.5764,0.5764,0.4236,0.4236,0.4236,0.2707,0.2707,0.2707
1.117818	4,3,2,1,3	8,4,2,0,0	0.7293,0.7293,0.5764,0.4236,0.4236,0.2707,0.2707,0.2707,0.2707
1.154315	4,3,2,1,4	8,4,2,0,0	0.6358,0.6049,0.5741,0.4259,0.3951,0.3642,0.3333,0.3333,0.3333
1.117818	4,3,2,1,1	8,4,2,1,0	0.5764,0.5764,0.5764,0.4236,0.4236,0.4236,0.4236,0.2707,0.2707
1.117818	4,3,2,1,2	8,4,2,1,0	0.7293,0.5764,0.5764,0.4236,0.4236,0.4236,0.2707,0.2707,0.2707
1.117818	4,3,2,1,3	8,4,2,1,0	0.7293,0.7293,0.5764,0.4236,0.4236,0.2707,0.2707,0.2707,0.2707
1.154315	4,3,2,1,4	8,4,2,1,0	0.6358,0.6049,0.5741,0.4259,0.3951,0.3642,0.3333,0.3333,0.3333
1.117818	4,3,1,2,3	8,4,3,0,0	0.7293,0.7293,0.5764,0.4236,0.4236,0.2707,0.2707,0.2707,0.2707
1.140724	4,3,1,2,4	8,4,3,0,0	0.6198,0.6198,0.5729,0.4271,0.3802,0.3333,0.3333,0.3333,0.3333
1.117818	4,3,1,2,1	8,4,3,2,0	0.5764,0.5764,0.5764,0.4236,0.4236,0.4236,0.2707,0.2707,0.2707
1.117818	4,3,1,2,2	8,4,3,2,0	0.5764,0.5764,0.5764,0.4236,0.4236,0.4236,0.2707,0.2707,0.2707
1.117818	4,3,1,2,3	8,4,3,2,0	0.7293,0.7293,0.5764,0.4236,0.4236,0.2707,0.2707,0.2707,0.2707
1.18046	4,3,1,2,4	8,4,3,2,0	0.5764,0.5764,0.5764,0.4236,0.4236,0.4236,0.3333,0.3333,0.3333
1.117818	4,3,2,1,3	8,4,3,0,0	0.7293,0.7293,0.5764,0.4236,0.4236,0.2707,0.2707,0.2707,0.2707
1.140724	4,3,2,1,4	8,4,3,0,0	0.6198,0.6198,0.5729,0.4271,0.3802,0.3333,0.3333,0.3333,0.3333
1.117818	4,3,2,1,1	8,4,3,1,0	0.5764,0.5764,0.5764,0.4236,0.4236,0.4236,0.2707,0.2707,0.2707
1.117818	4,3,2,1,2	8,4,3,1,0	0.5764,0.5764,0.5764,0.4236,0.4236,0.4236,0.2707,0.2707,0.2707
1.117818	4,3,2,1,3	8,4,3,1,0	0.7293,0.7293,0.5764,0.4236,0.4236,0.2707,0.2707,0.2707,0.2707
1.18046	4,3,2,1,4	8,4,3,1,0	0.5764,0.5764,0.5764,0.4236,0.4236,0.4236,0.3333,0.3333,0.3333
1.126767	4,1,2,3,4	8,5,0,0,0	0.6033,0.6033,0.6033,0.3967,0.3967,0.3333,0.3333,0.3333,0.3333
1.117818	4,1,2,3,3	8,5,0,4,0	0.5764,0.5764,0.5764,0.4236,0.4236,0.4236,0.4236,0.2707,0.2707
1.135345	4,1,2,3,4	8,5,0,4,0	0.5764,0.5764,0.5764,0.4236,0.4236,0.4236,0.4236,0.2882,0.2882
1.126767	4,1,3,2,4	8,5,0,0,0	0.6033,0.6033,0.6033,0.3967,0.3967,0.3333,0.3333,0.3333,0.3333
1.117818	4,1,3,2,2	8,5,0,2,0	0.5764,0.5764,0.5764,0.4236,0.4236,0.4236,0.4236,0.2707,0.2707
1.135345	4,1,3,2,4	8,5,0,2,0	0.5764,0.5764,0.5764,0.4236,0.4236,0.4236,0.4236,0.2882,0.2882
1.126767	4,1,2,3,4	8,5,2,0,0	0.6033,0.6033,0.6033,0.3967,0.3967,0.3333,0.3333,0.3333,0.3333
1.117818	4,1,2,3,3	8,5,2,4,0	0.5764,0.5764,0.5764,0.4236,0.4236,0.4236,0.4236,0.2707,0.2707
1.135345	4,1,2,3,4	8,5,2,4,0	0.5764,0.5764,0.5764,0.4236,0.4236,0.4236,0.4236,0.2882,0.2882
1.117818	4,1,3,2,3	8,5,4,0,0	0.7293,0.7293,0.5764,0.4236,0.4236,0.2707,0.2707,0.2707,0.2707
1.140724	4,1,3,2,4	8,5,4,0,0	0.6198,0.6198,0.5729,0.4271,0.3802,0.3333,0.3333,0.3333,0.3333
1.117818	4,1,3,2,2	8,5,4,2,0	0.5764,0.5764,0.5764,0.4236,0.4236,0.4236,0.4236,0.2707,0.2707
1.117818	4,1,3,2,3	8,5,4,2,0	0.7293,0.7293,0.5764,0.4236,0.4236,0.2707,0.2707,0.2707,0.2707
1.140724	4,1,3,2,4	8,5,4,2,0	0.6198,0.6198,0.5729,0.4271,0.3802,0.3333,0.3333,0.3333,0.3333
1.126767	4,1,2,3,4	8,5,6,0,0	0.6033,0.6033,0.6033,0.3967,0.3967,0.3333,0.3333,0.3333,0.3333
1.117818	4,1,2,3,2	8,5,6,4,0	0.5764,0.5764,0.5764,0.4236,0.4236,0.4236,0.2707,0.2707,0.2707
1.117818	4,1,2,3,3	8,5,6,4,0	0.6943,0.6943,0.5764,0.4236,0.4236,0.3057,0.2707,0.2707,0.2707
1.18046	4,1,2,3,4	8,5,6,4,0	0.5764,0.5764,0.5764,0.4236,0.4236,0.4236,0.3333,0.3333,0.3333
1.126767	4,1,3,2,4	8,5,6,0,0	0.6033,0.6033,0.6033,0.3967,0.3967,0.3333,0.3333,0.3333,0.3333
1.117818	4,1,3,2,2	8,5,6,2,0	0.5764,0.5764,0.5764,0.4236,0.4236,0.4236,0.2707,0.2707,0.2707
1.117818	4,1,3,2,3	8,5,6,2,0	0.5764,0.5764,0.5764,0.4236,0.4236,0.4236,0.2707,0.2707,0.2707
1.18046	4,1,3,2,4	8,5,6,2,0	0.5764,0.5764,0.5764,0.4236,0.4236,0.4236,0.3333,0.3333,0.3333
1.126767	4,3,1,2,4	8,5,0,0,0	0.6033,0.6033,0.6033,0.3967,0.3967,0.3333,0.3333,0.3333,0.3333
1.117818	4,3,1,2,2	8,5,0,2,0	0.5764,0.5764,0.5764,0.4236,0.4236,0.4236,0.4236,0.2707,0.2707
1.135345	4,3,1,2,4	8,5,0,2,0	0.5764,0.5764,0.5764,0.4236,0.4236,0.4236,0.4236,0.2882,0.2882
1.126767	4,3,2,1,4	8,5,0,0,0	0.6033,0.6033,0.6033,0.3967,0.3967,0.3333,0.3333,0.3333,0.3333
1.117818	4,3,2,1,1	8,5,0,1,0	0.5764,0.5764,0.5764,0.4236,0.4236,0.4236,0.4236,0.2707,0.2707
1.135345	4,3,2,1,4	8,5,0,1,0	0.5764,0.5764,0.5764,0.4236,0.4236,0.4236,0.4236,0.2882,0.2882
1.126767	4,3,1,2,4	8,5,1,0,0	0.6033,0.6033,0.6033,0.3967,0.3967,0.3333,0.3333,0.3333,0.3333
1.117818	4,3,1,2,2	8,5,1,2,0	0.5764,0.5764,0.5764,0.4236,0.4236,0.4236,0.4236,0.2707,0.2707
1.135345	4,3,1,2,4	8,5,1,2,0	0.5764,0.5764,0.5764,0.4236,0.4236,0.4236,0.4236,0.2882,0.2882
1.126767	4,3,2,1,4	8,5,2,0,0	0.6033,0.6033,0.6033,0.3967,0.3967,0.3333,0.3333,0.3333,0.3333
1.117818	4,3,2,1,1	8,5,2,1,0	0.5764,0.5764,0.5764,0.4236,0.4236,0.4236,0.4236,0.2707,0.2707
1.135345	4,3,2,1,4	8,5,2,1,0	0.5764,0.5764,0.5764,0.4236,0.4236,0.4236,0.4236,0.2882,0.2882
1.126767	4,3,1,2,4	8,5,3,0,0	0.6033,0.6033,0.6033,0.3967,0.3967,0.3333,0.3333,0.3333,0.3333
1.117818	4,3,1,2,1	8,5,3,2,0	0.5764,0.5764,0.5764,0.4236,0.4236,0.4236,0.2707,0.2707,0.2707
1.117818	4,3,1,2,2	8,5,3,2,0	0.5764,0.5764,0.5764,0.4236,0.4236,0.4236,0.2707,0.2707,0.2707
1.18046	4,3,1,2,4	8,5,3,2,0	0.5764,0.5764,0.5764,0.4236,0.4236,0.4236,0.3333,0.3333,0.3333
1.126767	4,3,2,1,4	8,5,3,0,0	0.6033,0.6033,0.6033,0.3967,0.3967,0.3333,0.3333,0.3333,0.3333
1.117818	4,3,2,1,1	8,5,3,1,0	0.5764,0.5764,0.5764,0.4236,0.4236,0.4236,0.2707,0.2707,0.2707
1.117818	4,3,2,1,2	8,5,3,1,0	0.5764,0.5764,0.5764,0.4236,0.4236,0.4236,0.2707,0.2707,0.2707
1.18046	4,3,2,1,4	8,5,3,1,0	0.5764,0.5764,0.5764,0.4236,0.4236,0.4236,0.3333,0.3333,0.3333
1.126767	4,2,1,3,4	8,6,0,0,0	0.6033,0.6033,0.6033,0.3967,0.3967,0.3333,0.3333,0.3333,0.3333
1.117818	4,2,1,3,3	8,6,0,4,0	0.5764,0.5764,0.5764,0.4236,0.4236,0.4236,0.4236,0.2707,0.2707
1.135345	4,2,1,3,4	8,6,0,4,0	0.5764,0.5764,0.5764,0.4236,0.4236,0.4236,0.4236,0.2882,0.2882
1.129503	4,2,3,1,4	8,6,0,0,0	0.6379,0.5947,0.5947,0.4053,0.4053,0.3621,0.3621,0.3189,0.3189
1.117818	4,2,3,1,1	8,6,0,1,0	0.5764,0.5764,0.5764,0.4236,0.4236,0.4236,0.4236,0.2707,0.2707
1.135345	4,2,3,1,4	8,6,0,1,0	0.5764,0.5764,0.5764,0.4236,0.4236,0.4236,0.4236,0.2882,0.2882
1.126767	4,2,1,3,4	8,6,1,0,0	0.6033,0.6033,0.6033,0.3967,0.3967,0.3333,0.3333,0.3333,0.3333
1.117818	4,2,1,3,3	8,6,1,4,0	0.5764,0.5764,0.5764,0.4236,0.4236,0.4236,0.4236,0.2707,0.2707
1.135345	4,2,1,3,4	8,6,1,4,0	0.5764,0.5764,0.5764,0.4236,0.4236,0.4236,0.4236,0.2882,0.2882
1.117818	4,2,3,1,2	8,6,4,0,0	0.7293,0.5764,0.5764,0.4236,0.4236,0.2707,0.2707,0.2707,0.2707
1.117818	4,2,3,1,3	8,6,4,0,0	0.7293,0.5764,0.5764,0.4236,0.4236,0.2707,0.2707,0.2707,0.2707
1.18046	4,2,3,1,4	8,6,4,0,0	0.6667,0.5764,0.5764,0.4236,0.4236,0.3333,0.3333,0.3333,0.3333
1.117818	4,2,3,1,1	8,6,4,1,0	0.5764,0.5764,0.5764,0.4236,0.4236,0.4236,0.4236,0.2707,0.2707
1.117818	4,2,3,1,2	8,6,4,1,0	0.7293,0.5764,0.5764,0.4236,0.4236,0.2707,0.2707,0.2707,0.2707
1.117818	4,2,3,1,3	8,6,4,1,0	0.7293,0.5764,0.5764,0.4236,0.4236,0.2707,0.2707,0.2707,0.2707
1.18046	4,2,3,1,4	8,6,4,1,0	0.6667,0.5764,0.5764,0.4236,0.4236,0.3333,0.3333,0.3333,0.3333
1.126767	4,2,1,3,4	8,6,5,0,0	0.6033,0.6033,0.6033,0.3967,0.3967,0.3333,0.3333,0.3333,0.3333
1.117818	4,2,1,3,1	8,6,5,4,0	0.5764,0.5764,0.5764,0.4236,0.4236,0.4236,0.2707,0.2707,0.2707
1.117818	4,2,1,3,2	8,6,5,4,0	0.7293,0.5764,0.5764,0.4236,0.4236,0.2707,0.2707,0.2707,0.2707
1.117818	4,2,1,3,3	8,6,5,4,0	0.7293,0.5764,0.5764,0.4236,0.4236,0.2707,0.2707,0.2707,0.2707
1.18046	4,2,1,3,4	8,6,5,4,0	0.6667,0.5764,0.5764,0.4236,0.4236,0.3333,0.3333,0.3333,0.3333
1.126767	4,2,3,1,4	8,6,5,0,0	0.6033,0.6033,0.6033,0.3967,0.3967,0.3333,0.3333,0.3333,0.3333
1.117818	4,2,3,1,1	8,6,5,1,0	0.5764,0.5764,0.5764,0.4236,0.4236,0.4236,0.2707,0.2707,0.2707
1.117818	4,2,3,1,3	8,6,5,1,0	0.5764,0.5764,0.5764,0.4236,0.4236,0.4236,0.2707,0.2707,0.2707
1.18046	4,2,3,1,4	8,6,5,1,0	0.5764,0.5764,0.5764,0.4236,0.4236,0.4236,0.3333,0.3333,0.3333
1.126767	4,3,1,2,4	8,6,0,0,0	0.6033,0.6033,0.6033,0.3967,0.3967,0.3333,0.3333,0.3333,0.3333
1.117818	4,3,1,2,2	8,6,0,2,0	0.5764,0.5764,0.5764,0.4236,0.4236,0.4236,0.4236,0.2707,0.2707
1.135345	4,3,1,2,4	8,6,0,2,0	0.5764,0.5764,0.5764,0.4236,0.4236,0.4236,0.4236,0.2882,0.2882
1.129503	4,3,2,1,4	8,6,0,0,0	0.6379,0.5947,0.5947,0.4053,0.4053,0.3621,0.3621,0.3189,0.3189
1.117818	4,3,2,1,1	8,6,0,1,0	0.5764,0.5764,0.5764,0.4236,0.4236,0.4236,0.4236,0.2707,0.2707
1.135345	4,3,2,1,4	8,6,0,1,0	0.5764,0.5764,0.5764,0.4236,0.4236,0.4236,0.4236,0.2882,0.2882
1.126767	4,3,1,2,4	8,6,1,0,0	0.6033,0.6033,0.6033,0.3967,0.3967,0.3333,0.3333,0.3333,0.3333
1.117818	4,3,1,2,2	8,6,1,2,0	0.5764,0.5764,0.5764,0.4236,0.4236,0.4236,0.4236,0.2707,0.2707
1.135345	4,3,1,2,4	8,6,1,2,0	0.5764,0.5764,0.5764,0.4236,0.4236,0.4236,0.4236,0.2882,0.2882
1.117818	4,3,2,1,2	8,6,2,0,0	0.7293,0.5764,0.5764,0.4236,0.4236,0.2707,0.2707,0.2707,0.2707
1.117818	4,3,2,1,3	8,6,2,0,0	0.7293,0.5764,0.5764,0.4236,0.4236,0.2707,0.2707,0.2707,0.2707
1.18046	4,3,2,1,4	8,6,2,0,0	0.6667,0.5764,0.5764,0.4236,0.4236,0.3333,0.3333,0.3333,0.3333
1.117818	4,3,2,1,1	8,6,2,1,0	0.5764,0.5764,0.5764,0.4236,0.4236,0.4236,0.4236,0.2707,0.2707
1.117818	4,3,2,1,2	8,6,2,1,0	0.7293,0.5764,0.5764,0.4236,0.4236,0.2707,0.2707,0.2707,0.2707
1.117818	4,3,2,1,3	8,6,2,1,0	0.7293,0.5764,0.5764,0.4236,0.4236,0.2707,0.2707,0.2707,0.2707
1.18046	4,3,2,1,4	8,6,2,1,0	0.6667,0.5764,0.5764,0.4236,0.4236,0.3333,0.3333,0.3333,0.3333
1.126767	4,3,1,2,4	8,6,3,0,0	0.6033,0.6033,0.6033,0.3967,0.3967,0.3333,0.3333,0.3333,0.3333
1.117818	4,3,1,2,1	8,6,3,2,0	0.5764,0.5764,0.5764,0.4236,0.4236,0.4236,0.2707,0.2707,0.2707
1.117818	4,3,1,2,2	8,6,3,2,0	0.7293,0.5764,0.5764,0.4236,0.4236,0.2707,0.2707,0.2707,0.2707
1.117818	4,3,1,2,3	8,6,3,2,0	0.7293,0.5764,0.5764,0.4236,0.4236,0.2707,0.2707,0.2707,0.2707
1.18046	4,3,1,2,4	8,6,3,2,0	0.6667,0.5764,0.5764,0.4236,0.4236,0.3333,0.3333,0.3333,0.3333
1.126767	4,3,2,1,4	8,6,3,0,0	0.6033,0.6033,0.6033,0.3967,0.3967,0.3333,0.3333,0.3333,0.3333
1.117818	4,3,2,1,1	8,6,3,1,0	0.5764,0.5764,0.5764,0.4236,0.4236,0.4236,0.2707,0.2707,0.2707
1.117818	4,3,2,1,2	8,6,3,1,0	0.5764,0.5764,0.5764,0.4236,0.4236,0.4236,0.2707,0.2707,0.2707
1.18046	4,3,2,1,4	8,6,3,1,0	0.5764,0.5764,0.5764,0.4236,0.4236,0.4236,0.3333,0.3333,0.3333
1.126767	4,1,2,3,4	8,7,0,0,0	0.6033,0.6033,0.6033,0.3967,0.3967,0.3333,0.3333,0.3333,0.3333
1.117818	4,1,2,3,3	8,7,0,4,0	0.5764,0.5764,0.5764,0.4236,0.4236,0.4236,0.4236,0.2707,0.2707
1.135345	4,1,2,3,4	8,7,0,4,0	0.5764,0.5764,0.5764,0.4236,0.4236,0.4236,0.4236,0.2882,0.2882
1.126767	4,1,3,2,4	8,7,0,0,0	0.6033,0.6033,0.6033,0.3967,0.3967,0.3333,0.3333,0.3333,0.3333
1.117818	4,1,3,2,2	8,7,0,2,0	0.5764,0.5764,0.5764,0.4236,0.4236,0.4236,0.4236,0.2707,0.2707
1.135345	4,1,3,2,4	8,7,0,2,0	0.5764,0.5764,0.5764,0.4236,0.4236,0.4236,0.4236,0.2882,0.2882
1.126767	4,1,2,3,4	8,7,2,0,0	0.6033,0.6033,0.6033,0.3967,0.3967,0.3333,0.3333,0.3333,0.3333
1.117818	4,1,2,3,3	8,7,2,4,0	0.5764,0.5764,0.5764,0.4236,0.4236,0.4236,0.4236,0.2707,0.2707
1.135345	4,1,2,3,4	8,7,2,4,0	0.5764,0.5764,0.5764,0.4236,0.4236,0.4236,0.4236,0.2882,0.2882
1.117818	4,1,3,2,3	8,7,4,0,0	0.7293,0.7293,0.5764,0.4236,0.4236,0.2707,0.2707,0.2707,0.2707
1.140724	4,1,3,2,4	8,7,4,0,0	0.6198,0.6198,0.5729,0.4271,0.3802,0.3333,0.3333,0.3333,0.3333
1.117818	4,1,3,2,2	8,7,4,2,0	0.5764,0.5764,0.5764,0.4236,0.4236,0.4236,0.4236,0.2707,0.2707
1.117818	4,1,3,2,3	8,7,4,2,0	0.7293,0.7293,0.5764,0.4236,0.4236,0.2707,0.2707,0.2707,0.2707
1.140724	4,1,3,2,4	8,7,4,2,0	0.6198,0.6198,0.5729,0.4271,0.3802,0.3333,0.3333,0.3333,0.3333
1.126767	4,1,2,3,4	8,7,6,0,0	0.6033,0.6033,0.6033,0.3967,0.3967,0.3333,0.3333,0.3333,0.3333
1.117818	4,1,2,3,1	8,7,6,4,0	0.5764,0.5764,0.5764,0.4236,0.4236,0.2707,0.2707,0.2707,0.2707
1.117818	4,1,2,3,2	8,7,6,4,0	0.5764,0.5764,0.5764,0.4236,0.4236,0.2707,0.2707,0.2707,0.2707
1.117818	4,1,2,3,3	8,7,6,4,0	0.5764,0.5764,0.5764,0.4236,0.4236,0.2707,0.2707,0.2707,0.2707
1.18046	4,1,2,3,4	8,7,6,4,0	0.5764,0.5764,0.5764,0.4236,0.4236,0.3333,0.3333,0.3333,0.3333
1.126767	4,1,3,2,4	8,7,6,0,0	0.6033,0.6033,0.6033,0.3967,0.3967,0.3333,0.3333,0.3333,0.3333
1.117818	4,1,3,2,1	8,7,6,2,0	0.5764,0.5764,0.5764,0.4236,0.4236,0.2707,0.2707,0.2707,0.2707
1.117818	4,1,3,2,2	8,7,6,2,0	0.5764,0.5764,0.5764,0.4236,0.4236,0.2707,0.2707,0.2707,0.2707
1.117818	4,1,3,2,3	8,7,6,2,0	0.5764,0.5764,0.5764,0.4236,0.4236,0.2707,0.2707,0.2707,0.2707
1.18046	4,1,3,2,4	8,7,6,2,0	0.5764,0.5764,0.5764,0.4236,0.4236,0.3333,0.3333,0.3333,0.3333
1.126767	4,2,1,3,4	8,7,0,0,0	0.6033,0.6033,0.6033,0.3967,0.3967,0.3333,0.3333,0.3333,0.3333
1.117818	4,2,1,3,3	8,7,0,4,0	0.5764,0.5764,0.5764,0.4236,0.4236,0.4236,0.4236,0.2707,0.2707
1.135345	4,2,1,3,4	8,7,0,4,0	0.5764,0.5764,0.5764,0.4236,0.4236,0.4236,0.4236,0.2882,0.2882
1.126767	4,2,3,1,4	8,7,0,0,0	0.6033,0.6033,0.6033,0.3967,0.3967,0.3333,0.3333,0.3333,0.3333
1.117818	4,2,3,1,1	8,7,0,1,0	0.5764,0.5764,0.5764,0.4236,0.4236,0.4236,0.4236,0.2707,0.2707
1.135345	4,2,3,1,4	8,7,0,1,0	0.5764,0.5764,0.5764,0.4236,0.4236,0.4236,0.4236,0.2882,0.2882
1.126767	4,2,1,3,4	8,7,1,0,0	0.6033,0.6033,0.6033,0.3967,0.3967,0.3333,0.3333,0.3333,0.3333
1.117818	4,2,1,3,3	8,7,1,4,0	0.5764,0.5764,0.5764,0.4236,0.4236,0.4236,0.4236,0.2707,0.2707
1.135345	4,2,1,3,4	8,7,1,4,0	0.5764,0.5764,0.5764,0.4236,0.4236,0.4236,0.4236,0.2882,0.2882
1.117818	4,2,3,1,3	8,7,4,0,0	0.7293,0.7293,0.5764,0.4236,0.4236,0.2707,0.2707,0.2707,0.2707
1.140724	4,2,3,1,4	8,7,4,0,0	0.6198,0.6198,0.5729,0.4271,0.3802,0.3333,0.3333,0.3333,0.3333
1.117818	4,2,3,1,1	8,7,4,1,0	0.5764,0.5764,0.5764,0.4236,0.4236,0.4236,0.4236,0.2707,0.2707
1.117818	4,2,3,1,3	8,7,4,1,0	0.7293,0.7293,0.5764,0.4236,0.4236,0.2707,0.2707,0.2707,0.2707
1.140724	4,2,3,1,4	8,7,4,1,0	0.6198,0.6198,0.5729,0.4271,0.3802,0.3333,0.3333,0.3333,0.3333
1.126767	4,2,1,3,4	8,7,5,0,0	0.6033,0.6033,0.6033,0.3967,0.3967,0.3333,0.3333,0.3333,0.3333
1.117818	4,2,1,3,1	8,7,5,4,0	0.5764,0.5764,0.5764,0.4236,0.4236,0.2707,0.2707,0.2707,0.2707
1.117818	4,2,1,3,2	8,7,5,4,0	0.5764,0.5764,0.5764,0.4236,0.4236,0.2707,0.2707,0.2707,0.2707
1.117818	4,2,1,3,3	8,7,5,4,0	0.5764,0.5764,0.5764,0.4236,0.4236,0.2707,0.2707,0.2707,0.2707
1.18046	4,2,1,3,4	8,7,5,4,0	0.5764,0.5764,0.5764,0.4236,0.4236,0.3333,0.3333,0.3333,0.3333
1.126767	4,2,3,1,4	8,7,5,0,0	0.6033,0.6033,0.6033,0.3967,0.3967,0.3333,0.3333,0.3333,0.3333
1.117818	4,2,3,1,1	8,7,5,1,0	0.5764,0.5764,0.5764,0.4236,0.4236,0.2707,0.2707,0.2707,0.2707
1.117818	4,2,3,1,2	8,7,5,1,0	0.5764,0.5764,0.5764,0.4236,0.4236,0.2707,0.2707,0.2707,0.2707
1.117818	4,2,3,1,3	8,7,5,1,0	0.5764,0.5764,0.5764,0.4236,0.4236,0.2707,0.2707,0.2707,0.2707
1.18046	4,2,3,1,4	8,7,5,1,0	0.5764,0.5764,0.5764,0.4236,0.4236,0.3333,0.3333,0.3333,0.3333
1.126767	4,3,1,2,4	8,7,0,0,0	0.6033,0.6033,0.6033,0.3967,0.3967,0.3333,0.3333,0.3333,0.3333
1.117818	4,3,1,2,2	8,7,0,2,0	0.5764,0.5764,0.5764,0.4236,0.4236,0.4236,0.4236,0.2707,0.2707
1.135345	4,3,1,2,4	8,7,0,2,0	0.5764,0.5764,0.5764,0.4236,0.4236,0.4236,0.4236,0.2882,0.2882
1.126767	4,3,2,1,4	8,7,0,0,0	0.6033,0.6033,0.6033,0.3967,0.3967,0.3333,0.3333,0.3333,0.3333
1.117818	4,3,2,1,1	8,7,0,1,0	0.5764,0.5764,0.5764,0.4236,0.4236,0.4236,0.4236,0.2707,0.2707
1.135345	4,3,2,1,4	8,7,0,1,0	0.5764,0.5764,0.5764,0.4236,0.4236,0.4236,0.4236,0.2882,0.2882
1.126767	4,3,1,2,4	8,7,1,0,0	0.6033,0.6033,0.6033,0.3967,0.3967,0.3333,0.3333,0.3333,0.3333
1.117818	4,3,1,2,2	8,7,1,2,0	0.5764,0.5764,0.5764,0.4236,0.4236,0.4236,0.4236,0.2707,0.2707
1.135345	4,3,1,2,4	8,7,1,2,0	0.5764,0.5764,0.5764,0.4236,0.4236,0.4236,0.4236,0.2882,0.2882
1.126767	4,3,2,1,4	8,7,2,0,0	0.6033,0.6033,0.6033,0.3967,0.3967,0.3333,0.3333,0.3333,0.3333
1.117818	4,3,2,1,1	8,7,2,1,0	0.5764,0.5764,0.5764,0.4236,0.4236,0.4236,0.4236,0.2707,0.2707
1.135345	4,3,2,1,4	8,7,2,1,0	0.5764,0.5764,0.5764,0.4236,0.4236,0.4236,0.4236,0.2882,0.2882
1.126767	4,3,1,2,4	8,7,3,0,0	0.6033,0.6033,0.6033,0.3967,0.3967,0.3333,0.3333,0.3333,0.3333
1.117818	4,3,1,2,1	8,7,3,2,0	0.5764,0.5764,0.5764,0.4236,0.4236,0.2707,0.2707,0.2707,0.2707
1.117818	4,3,1,2,2	8,7,3,2,0	0.5764,0.5764,0.5764,0.4236,0.4236,0.2707,0.2707,0.2707,0.2707
1.117818	4,3,1,2,3	8,7,3,2,0	0.5764,0.5764,0.5764,0.4236,0.4236,0.2707,0.2707,0.2707,0.2707
1.18046	4,3,1,2,4	8,7,3,2,0	0.5764,0.5764,0.5764,0.4236,0.4236,0.3333,0.3333,0.3333,0.3333
1.126767	4,3,2,1,4	8,7,3,0,0	0.6033,0.6033,0.6033,0.3967,0.3967,0.3333,0.3333,0.3333,0.3333
1.117818	4,3,2,1,1	8,7,3,1,0	0.5764,0.5764,0.5764,0.4236,0.4236,0.2707,0.2707,0.2707,0.2707
1.117818	4,3,2,1,2	8,7,3,1,0	0.5764,0.5764,0.5764,0.4236,0.4236,0.2707,0.2707,0.2707,0.2707
1.117818	4,3,2,1,3	8,7,3,1,0	0.5764,0.5764,0.5764,0.4236,0.4236,0.2707,0.2707,0.2707,0.2707
1.18046	4,3,2,1,4	8,7,3,1,0	0.5764,0.5764,0.5764,0.4236,0.4236,0.3333,0.3333,0.3333,0.3333
1.097698	1,4,2,3,4	9,8,0,0,0	0.569,0.569,0.569,0.431,0.3333,0.3333,0.3333,0.3333,0.3333
1.117818	1,4,2,3,3	9,8,0,4,0	0.5764,0.5764,0.5764,0.4236,0.4236,0.4236,0.4236,0.2707,0.2707
1.135345	1,4,2,3,4	9,8,0,4,0	0.5764,0.5764,0.5764,0.4236,0.4236,0.4236,0.4236,0.2882,0.2882
1.097698	1,4,3,2,4	9,8,0,0,0	0.569,0.569,0.569,0.431,0.3333,0.3333,0.3333,0.3333,0.3333
1.117818	1,4,3,2,2	9,8,0,2,0	0.5764,0.5764,0.5764,0.4236,0.4236,0.4236,0.4236,0.2707,0.2707
1.135345	1,4,3,2,4	9,8,0,2,0	0.5764,0.5764,0.5764,0.4236,0.4236,0.4236,0.4236,0.2882,0.2882
1.097698	1,4,2,3,4	9,8,2,0,0	0.569,0.569,0.569,0.431,0.3333,0.3333,0.3333,0.3333,0.3333
1.117818	1,4,2,3,3	9,8,2,4,0	0.5764,0.5764,0.5764,0.4236,0.4236,0.4236,0.4236,0.2707,0.2707
1.135345	1,4,2,3,4	9,8,2,4,0	0.5764,0.5764,0.5764,0.4236,0.4236,0.4236,0.4236,0.2882,0.2882
1.097698	1,4,3,2,4	9,8,4,0,0	0.569,0.569,0.569,0.431,0.3333,0.3333,0.3333,0.3333,0.3333
1.117818	1,4,3,2,2	9,8,4,2,0	0.5764,0.5764,0.5764,0.4236,0.4236,0.4236,0.4236,0.2707,0.2707
1.135345	1,4,3,2,4	9,8,4,2,0	0.5764,0.5764,0.5764,0.4236,0.4236,0.4236,0.4236,0.2882,0.2882
1.097698	1,4,2,3,4	9,8,6,0,0	0.569,0.569,0.569,0.431,0.3333,0.3333,0.3333,0.3333,0.3333
1.117818	1,4,2,3,2	9,8,6,4,0	0.5764,0.5764,0.5764,0.4236,0.4236,0.4236,0.2707,0.2707,0.2707
1.117818	1,4,2,3,3	9,8,6,4,0	0.5764,0.5764,0.5764,0.4236,0.4236,0.4236,0.2707,0.2707,0.2707
1.18046	1,4,2,3,4	9,8,6,4,0	0.5764,0.5764,0.5764,0.4236,0.4236,0.4236,0.3333,0.3333,0.3333
1.097698	1,4,3,2,4	9,8,6,0,0	0.569,0.569,0.569,0.431,0.3333,0.3333,0.3333,0.3333,0.3333
1.117818	1,4,3,2,2	9,8,6,2,0	0.5764,0.5764,0.5764,0.4236,0.4236,0.4236,0.2707,0.2707,0.2707
1.117818	1,4,3,2,3	9,8,6,2,0	0.5764,0.5764,0.5764,0.4236,0.4236,0.4236,0.2707,0.2707,0.2707
1.18046	1,4,3,2,4	9,8,6,2,0	0.5764,0.5764,0.5764,0.4236,0.4236,0.4236,0.3333,0.3333,0.3333
1.097698	1,2,4,3,4	9,10,8,0,0	0.569,0.569,0.569,0.431,0.3333,0.3333,0.3333,0.3333,0.3333
1.117818	1,2,4,3,3	9,10,8,4,0	0.5764,0.5764,0.5764,0.4236,0.4236,0.4236,0.4236,0.2707,0.2707
1.135345	1,2,4,3,4	9,10,8,4,0	0.5764,0.5764,0.5764,0.4236,0.4236,0.4236,0.4236,0.2882,0.2882
1.097698	1,2,3,4,4	9,10,12,8,0	0.569,0.569,0.569,0.431,0.3333,0.3333,0.3333,0.3333,0.3333
1.097698	1,3,4,2,4	9,12,8,0,0	0.569,0.569,0.569,0.431,0.3333,0.3333,0.3333,0.3333,0.3333
1.117818	1,3,4,2,2	9,12,8,2,0	0.5764,0.5764,0.5764,0.4236,0.4236,0.4236,0.4236,0.2707,0.2707
1.135345	1,3,4,2,4	9,12,8,2,0	0.5764,0.5764,0.5764,0.4236,0.4236,0.4236,0.4236,0.2882,0.2882
1.097698	1,3,2,4,4	9,12,10,8,0	0.569,0.569,0.569,0.431,0.3333,0.3333,0.3333,0.3333,0.3333
1.097698	1,2,4,3,4	9,14,8,0,0	0.569,0.569,0.569,0.431,0.3333,0.3333,0.3333,0.3333,0.3333
1.117818	1,2,4,3,3	9,14,8,4,0	0.5764,0.5764,0.5764,0.4236,0.4236,0.4236,0.4236,0.2707,0.2707
1.135345	1,2,4,3,4	9,14,8,4,0	0.5764,0.5764,0.5764,0.4236,0.4236,0.4236,0.4236,0.2882,0.2882
1.097698	1,2,3,4,4	9,14,12,8,0	0.569,0.569,0.569,0.431,0.3333,0.3333,0.3333,0.3333,0.3333
1.097698	1,3,4,2,4	9,14,8,0,0	0.569,0.569,0.569,0.431,0.3333,0.3333,0.3333,0.3333,0.3333
1.117818	1,3,4,2,2	9,14,8,2,0	0.5764,0.5764,0.5764,0.4236,0.4236,0.4236,0.4236,0.2707,0.2707
1.135345	1,3,4,2,4	9,14,8,2,0	0.5764,0.5764,0.5764,0.4236,0.4236,0.4236,0.4236,0.2882,0.2882
1.097698	1,3,2,4,4	9,14,10,8,0	0.569,0.569,0.569,0.431,0.3333,0.3333,0.3333,0.3333,0.3333
1.097698	2,4,1,3,4	10,8,0,0,0	0.569,0.569,0.569,0.431,0.3333,0.3333,0.3333,0.3333,0.3333
1.117818	2,4,1,3,3	10,8,0,4,0	0.5764,0.5764,0.5764,0.4236,0.4236,0.4236,0.4236,0.2707,0.2707
1.135345	2,4,1,3,4	10,8,0,4,0	0.5764,0.5764,0.5764,0.4236,0.4236,0.4236,0.4236,0.2882,0.2882
1.113481	2,4,3,1,4	10,8,0,0,0	0.6288,0.5721,0.5721,0.4279,0.3712,0.3712,0.3712,0.3144,0.3144
1.117818	2,4,3,1,1	10,8,0,1,0	0.5764,0.5764,0.5764,0.4236,0.4236,0.4236,0.4236,0.2707,0.2707
1.135345	2,4,3,1,4	10,8,0,1,0	0.5764,0.5764,0.5764,0.4236,0.4236,0.4236,0.4236,0.2882,0.2882
1.097698	2,4,1,3,4	10,8,1,0,0	0.569,0.569,0.569,0.431,0.3333,0.3333,0.3333,0.3333,0.3333
1.117818	2,4,1,3,3	10,8,1,4,0	0.5764,0.5764,0.5764,0.4236,0.4236,0.4236,0.4236,0.2707,0.2707
1.135345	2,4,1,3,4	10,8,1,4,0	0.5764,0.5764,0.5764,0.4236,0.4236,0.4236,0.4236,0.2882,0.2882
1.117818	2,4,3,1,3	10,8,4,0,0	0.7293,0.5764,0.5764,0.4236,0.4236,0.4236,0.2707,0.2707,0.2707
1.140724	2,4,3,1,4	10,8,4,0,0	0.6198,0.5729,0.5729,0.4271,0.3802,0.3802,0.3333,0.3333,0.3333
1.117818	2,4,3,1,1	10,8,4,1,0	0.5764,0.5764,0.5764,0.4236,0.4236,0.4236,0.4236,0.2707,0.2707
1.117818	2,4,3,1,3	10,8,4,1,0	0.7293,0.5764,0.5764,0.4236,0.4236,0.4236,0.2707,0.2707,0.2707
1.140724	2,4,3,1,4	10,8,4,1,0	0.6198,0.5729,0.5729,0.4271,0.3802,0.3802,0.3333,0.3333,0.3333
1.097698	2,4,1,3,4	10,8,5,0,0	0.569,0.569,0.569,0.431,0.3333,0.3333,0.3333,0.3333,0.3333
1.117818	2,4,1,3,1	10,8,5,4,0	0.5764,0.5764,0.5764,0.4236,0.4236,0.4236,0.2707,0.2707,0.2707
1.117818	2,4,1,3,3	10,8,5,4,0	0.5764,0.5764,0.5764,0.4236,0.4236,0.4236,0.2707,0.2707,0.2707
1.18046	2,4,1,3,4	10,8,5,4,0	0.5764,0.5764,0.5764,0.4236,0.4236,0.4236,0.3333,0.3333,0.3333
1.097698	2,4,3,1,4	10,8,5,0,0	0.569,0.569,0.569,0.431,0.3333,0.3333,0.3333,0.3333,0.3333
1.117818	2,4,3,1,1	10,8,5,1,0	0.5764,0.5764,0.5764,0.4236,0.4236,0.4236,0.2707,0.2707,0.2707
1.117818	2,4,3,1,3	10,8,5,1,0	0.5764,0.5764,0.5764,0.4236,0.4236,0.4236,0.2707,0.2707,0.2707
1.18046	2,4,3,1,4	10,8,5,1,0	0.5764,0.5764,0.5764,0.4236,0.4236,0.4236,0.3333,0.3333,0.3333
1.097698	2,1,4,3,4	10,9,8,0,0	0.569,0.569,0.569,0.431,0.3333,0.3333,0.3333,0.3333,0.3333
1.117818	2,1,4,3,3	10,9,8,4,0	0.5764,0.5764,0.5764,0.4236,0.4236,0.4236,0.4236,0.2707,0.2707
1.135345	2,1,4,3,4	10,9,8,4,0	0.5764,0.5764,0.5764,0.4236,0.4236,0.4236,0.4236,0.2882,0.2882
1.097698	2,1,3,4,4	10,9,12,8,0	0.569,0.569,0.569,0.431,0.3333,0.3333,0.3333,0.3333,0.3333
1.113481	2,3,4,1,4	10,12,8,0,0	0.6288,0.5721,0.5721,0.4279,0.3712,0.3712,0.3712,0.3144,0.3144
1.117818	2,3,4,1,1	10,12,8,1,0	0.5764,0.5764,0.5764,0.4236,0.4236,0.4236,0.4236,0.2707,0.2707
1.135345	2,3,4,1,4	10,12,8,1,0	0.5764,0.5764,0.5764,0.4236,0.4236,0.4236,0.4236,0.2882,0.2882
1.0	2,3,4,1,4	10,12,8,9,0	0.7118,0.5764,0.5764,0.4236,0.4236,0.2882,0.2882,0.2882,0.2882
1.097698	2,3,1,4,4	10,12,9,8,0	0.569,0.569,0.569,0.431,0.3333,0.3333,0.3333,0.3333,0.3333
1.097698	2,1,4,3,4	10,13,8,0,0	0.569,0.569,0.569,0.431,0.3333,0.3333,0.3333,0.3333,0.3333
1.117818	2,1,4,3,3	10,13,8,4,0	0.5764,0.5764,0.5764,0.4236,0.4236,0.4236,0.4236,0.2707,0.2707
1.135345	2,1,4,3,4	10,13,8,4,0	0.5764,0.5764,0.5764,0.4236,0.4236,0.4236,0.4236,0.2882,0.2882
1.097698	2,1,3,4,4	10,13,12,8,0	0.569,0.569,0.569,0.431,0.3333,0.3333,0.3333,0.3333,0.3333
1.097698	2,3,4,1,4	10,13,8,0,0	0.569,0.569,0.569,0.431,0.3333,0.3333,0.3333,0.3333,0.3333
1.117818	2,3,4,1,1	10,13,8,1,0	0.5764,0.5764,0.5764,0.4236,0.4236,0.4236,0.4236,0.2707,0.2707
1.135345	2,3,4,1,4	10,13,8,1,0	0.5764,0.5764,0.5764,0.4236,0.4236,0.4236,0.4236,0.2882,0.2882
1.097698	2,3,1,4,4	10,13,9,8,0	0.569,0.569,0.569,0.431,0.3333,0.3333,0.3333,0.3333,0.3333
1.097698	1,4,2,3,4	11,8,0,0,0	0.569,0.569,0.569,0.431,0.3333,0.3333,0.3333,0.3333,0.3333
1.117818	1,4,2,3,3	11,8,0,4,0	0.5764,0.5764,0.5764,0.4236,0.4236,0.4236,0.4236,0.2707,0.2707
1.135345	1,4,2,3,4	11,8,0,4,0	0.5764,0.5764,0.5764,0.4236,0.4236,0.4236,0.4236,0.2882,0.2882
1.097698	1,4,3,2,4	11,8,0,0,0	0.569,0.569,0.569,0.431,0.3333,0.3333,0.3333,0.3333,0.3333
1.117818	1,4,3,2,2	11,8,0,2,0	0.5764,0.5764,0.5764,0.4236,0.4236,0.4236,0.4236,0.2707,0.2707
1.135345	1,4,3,2,4	11,8,0,2,0	0.5764,0.5764,0.5764,0.4236,0.4236,0.4236,0.4236,0.2882,0.2882
1.097698	1,4,2,3,4	11,8,2,0,0	0.569,0.569,0.569,0.431,0.3333,0.3333,0.3333,0.3333,0.3333
1.117818	1,4,2,3,3	11,8,2,4,0	0.5764,0.5764,0.5764,0.4236,0.4236,0.4236,0.4236,0.2707,0.2707
1.135345	1,4,2,3,4	11,8,2,4,0	0.5764,0.5764,0.5764,0.4236,0.4236,0.4236,0.4236,0.2882,0.2882
1.097698	1,4,3,2,4	11,8,4,0,0	0.569,0.569,0.569,0.431,0.3333,0.3333,0.3333,0.3333,0.3333
1.117818	1,4,3,2,2	11,8,4,2,0	0.5764,0.5764,0.5764,0.4236,0.4236,0.4236,0.4236,0.2707,0.2707
1.135345	1,4,3,2,4	11,8,4,2,0	0.5764,0.5764,0.5764,0.4236,0.4236,0.4236,0.4236,0.2882,0.2882
1.097698	1,4,2,3,4	11,8,6,0,0	0.569,0.569,0.569,0.431,0.3333,0.3333,0.3333,0.3333,0.3333
1.117818	1,4,2,3,2	11,8,6,4,0	0.5764,0.5764,0.5764,0.4236,0.4236,0.4236,0.2707,0.2707,0.2707
1.117818	1,4,2,3,3	11,8,6,4,0	0.5764,0.5764,0.5764,0.4236,0.4236,0.4236,0.2707,0.2707,0.2707
1.18046	1,4,2,3,4	11,8,6,4,0	0.5764,0.5764,0.5764,0.4236,0.4236,0.4236,0.3333,0.3333,0.3333
1.097698	1,4,3,2,4	11,8,6,0,0	0.569,0.569,0.569,0.431,0.3333,0.3333,0.3333,0.3333,0.3333
1.117818	1,4,3,2,2	11,8,6,2,0	0.5764,0.5764,0.5764,0.4236,0.4236,0.4236,0.2707,0.2707,0.2707
1.117818	1,4,3,2,3	11,8,6,2,0	0.5764,0.5764,0.5764,0.4236,0.4236,0.4236,0.2707,0.2707,0.2707
1.18046	1,4,3,2,4	11,8,6,2,0	0.5764,0.5764,0.5764,0.4236,0.4236,0.4236,0.3333,0.3333,0.3333
1.097698	1,2,4,3,4	11,10,8,0,0	0.569,0.569,0.569,0.431,0.3333,0.3333,0.3333,0.3333,0.3333
1.117818	1,2,4,3,3	11,10,8,4,0	0.5764,0.5764,0.5764,0.4236,0.4236,0.4236,0.4236,0.2707,0.2707
1.135345	1,2,4,3,4	11,10,8,4,0	0.5764,0.5764,0.5764,0.4236,0.4236,0.4236,0.4236,0.2882,0.2882
1.097698	1,2,3,4,4	11,10,12,8,0	0.569,0.569,0.569,0.431,0.3333,0.3333,0.3333,0.3333,0.3333
1.097698	1,3,4,2,4	11,12,8,0,0	0.569,0.569,0.569,0.431,0.3333,0.3333,0.3333,0.3333,0.3333
1.117818	1,3,4,2,2	11,12,8,2,0	0.5764,0.5764,0.5764,0.4236,0.4236,0.4236,0.4236,0.2707,0.2707
1.135345	1,3,4,2,4	11,12,8,2,0	0.5764,0.5764,0.5764,0.4236,0.4236,0.4236,0.4236,0.2882,0.2882
1.097698	1,3,2,4,4	11,12,10,8,0	0.569,0.569,0.569,0.431,0.3333,0.3333,0.3333,0.3333,0.3333
1.097698	1,2,4,3,4	11,14,8,0,0	0.569,0.569,0.569,0.431,0.3333,0.3333,0.3333,0.3333,0.3333
1.117818	1,2,4,3,3	11,14,8,4,0	0.5764,0.5764,0.5764,0.4236,0.4236,0.4236,0.4236,0.2707,0.2707
1.135345	1,2,4,3,4	11,14,8,4,0	0.5764,0.5764,0.5764,0.4236,0.4236,0.4236,0.4236,0.2882,0.2882
1.097698	1,2,3,4,4	11,14,12,8,0	0.569,0.569,0.569,0.431,0.3333,0.3333,0.3333,0.3333,0.3333
1.097698	1,3,4,2,4	11,14,8,0,0	0.569,0.569,0.569,0.431,0.3333,0.3333,0.3333,0.3333,0.3333
1.117818	1,3,4,2,2	11,14,8,2,0	0.5764,0.5764,0.5764,0.4236,0.4236,0.4236,0.4236,0.2707,0.2707
1.135345	1,3,4,2,4	11,14,8,2,0	0.5764,0.5764,0.5764,0.4236,0.4236,0.4236,0.4236,0.2882,0.2882
1.097698	1,3,2,4,4	11,14,10,8,0	0.569,0.569,0.569,0.431,0.3333,0.3333,0.3333,0.3333,0.3333
1.097698	2,4,1,3,4	11,8,0,0,0	0.569,0.569,0.569,0.431,0.3333,0.3333,0.3333,0.3333,0.3333
1.117818	2,4,1,3,3	11,8,0,4,0	0.5764,0.5764,0.5764,0.4236,0.4236,0.4236,0.4236,0.2707,0.2707
1.135345	2,4,1,3,4	11,8,0,4,0	0.5764,0.5764,0.5764,0.4236,0.4236,0.4236,0.4236,0.2882,0.2882
1.097698	2,4,3,1,4	11,8,0,0,0	0.569,0.569,0.569,0.431,0.3333,0.3333,0.3333,0.3333,0.3333
1.117818	2,4,3,1,1	11,8,0,1,0	0.5764,0.5764,0.5764,0.4236,0.4236,0.4236,0.4236,0.2707,0.2707
1.135345	2,4,3,1,4	11,8,0,1,0	0.5764,0.5764,0.5764,0.4236,0.4236,0.4236,0.4236,0.2882,0.2882
1.097698	2,4,1,3,4	11,8,1,0,0	0.569,0.569,0.569,0.431,0.3333,0.3333,0.3333,0.3333,0.3333
1.117818	2,4,1,3,3	11,8,1,4,0	0.5764,0.5764,0.5764,0.4236,0.4236,0.4236,0.4236,0.2707,0.2707
1.135345	2,4,1,3,4	11,8,1,4,0	0.5764,0.5764,0.5764,0.4236,0.4236,0.4236,0.4236,0.2882,0.2882
1.097698	2,4,3,1,4	11,8,4,0,0	0.569,0.569,0.569,0.431,0.3333,0.3333,0.3333,0.3333,0.3333
1.117818	2,4,3,1,1	11,8,4,1,0	0.5764,0.5764,0.5764,0.4236,0.4236,0.4236,0.4236,0.2707,0.2707
1.135345	2,4,3,1,4	11,8,4,1,0	0.5764,0.5764,0.5764,0.4236,0.4236,0.4236,0.4236,0.2882,0.2882
1.097698	2,4,1,3,4	11,8,5,0,0	0.569,0.569,0.569,0.431,0.3333,0.3333,0.3333,0.3333,0.3333
1.117818	2,4,1,3,1	11,8,5,4,0	0.5764,0.5764,0.5764,0.4236,0.4236,0.4236,0.2707,0.2707,0.2707
1.117818	2,4,1,3,3	11,8,5,4,0	0.5764,0.5764,0.5764,0.4236,0.4236,0.4236,0.2707,0.2707,0.2707
1.18046	2,4,1,3,4	11,8,5,4,0	0.5764,0.5764,0.5764,0.4236,0.4236,0.4236,0.3333,0.3333,0.3333
1.097698	2,4,3,1,4	11,8,5,0,0	0.569,0.569,0.569,0.431,0.3333,0.3333,0.3333,0.3333,0.3333
1.117818	2,4,3,1,1	11,8,5,1,0	0.5764,0.5764,0.5764,0.4236,0.4236,0.4236,0.2707,0.2707,0.2707
1.117818	2,4,3,1,3	11,8,5,1,0	0.5764,0.5764,0.5764,0.4236,0.4236,0.4236,0.2707,0.2707,0.2707
1.18046	2,4,3,1,4	11,8,5,1,0	0.5764,0.5764,0.5764,0.4236,0.4236,0.4236,0.3333,0.3333,0.3333
1.097698	2,1,4,3,4	11,9,8,0,0	0.569,0.569,0.569,0.431,0.3333,0.3333,0.3333,0.3333,0.3333
1.117818	2,1,4,3,3	11,9,8,4,0	0.5764,0.5764,0.5764,0.4236,0.4236,0.4236,0.4236,0.2707,0.2707
1.135345	2,1,4,3,4	11,9,8,4,0	0.5764,0.5764,0.5764,0.4236,0.4236,0.4236,0.4236,0.2882,0.2882
1.097698	2,1,3,4,4	11,9,12,8,0	0.569,0.569,0.569,0.431,0.3333,0.3333,0.3333,0.3333,0.3333
1.097698	2,3,4,1,4	11,12,8,0,0	0.569,0.569,0.569,0.431,0.3333,0.3333,0.3333,0.3333,0.3333
1.117818	2,3,4,1,1	11,12,8,1,0	0.5764,0.5764,0.5764,0.4236,0.4236,0.4236,0.4236,0.2707,0.2707
1.135345	2,3,4,1,4	11,12,8,1,0	0.5764,0.5764,0.5764,0.4236,0.4236,0.4236,0.4236,0.2882,0.2882
1.097698	2,3,1,4,4	11,12,9,8,0	0.569,0.569,0.569,0.431,0.3333,0.3333,0.3333,0.3333,0.3333
1.097698	2,1,4,3,4	11,13,8,0,0	0.569,0.569,0.569,0.431,0.3333,0.3333,0.3333,0.3333,0.3333
1.117818	2,1,4,3,3	11,13,8,4,0	0.5764,0.5764,0.5764,0.4236,0.4236,0.4236,0.4236,0.2707,0.2707
1.135345	2,1,4,3,4	11,13,8,4,0	0.5764,0.5764,0.5764,0.4236,0.4236,0.4236,0.4236,0.2882,0.2882
1.097698	2,1,3,4,4	11,13,12,8,0	0.569,0.569,0.569,0.431,0.3333,0.3333,0.3333,0.3333,0.3333
1.097698	2,3,4,1,4	11,13,8,0,0	0.569,0.569,0.569,0.431,0.3333,0.3333,0.3333,0.3333,0.3333
1.117818	2,3,4,1,1	11,13,8,1,0	0.5764,0.5764,0.5764,0.4236,0.4236,0.4236,0.4236,0.2707,0.2707
1.135345	2,3,4,1,4	11,13,8,1,0	0.5764,0.5764,0.5764,0.4236,0.4236,0.4236,0.4236,0.2882,0.2882
1.097698	2,3,1,4,4	11,13,9,8,0	0.569,0.569,0.569,0.431,0.3333,0.3333,0.3333,0.3333,0.3333
1.174134	3,4,1,2,3	12,8,0,0,0	0.6592,0.6592,0.5,0.5,0.3408,0.3408,0.3333,0.3333,0.3333
1.174134	3,4,1,2,4	12,8,0,0,0	0.6592,0.6592,0.5,0.5,0.3408,0.3408,0.3333,0.3333,0.3333
1.117818	3,4,1,2,2	12,8,0,2,0	0.5764,0.5764,0.5764,0.4236,0.4236,0.4236,0.4236,0.2707,0.2707
1.174134	3,4,1,2,3	12,8,0,2,0	0.6592,0.6592,0.5,0.5,0.3408,0.3408,0.3333,0.3333,0.3333
1.174134	3,4,1,2,4	12,8,0,2,0	0.6592,0.6592,0.5,0.5,0.3408,0.3408,0.3333,0.3333,0.3333
1.0	3,4,1,2,4	12,8,0,10,0	0.7333,0.7333,0.4667,0.4667,0.3805,0.2667,0.2667,0.2667,0.2667
1.174134	3,4,2,1,3	12,8,0,0,0	0.6592,0.6592,0.5,0.5,0.3408,0.3408,0.3333,0.3333,0.3333
1.174134	3,4,2,1,4	12,8,0,0,0	0.6592,0.6592,0.5,0.5,0.3408,0.3408,0.3333,0.3333,0.3333
1.117818	3,4,2,1,1	12,8,0,1,0	0.5764,0.5764,0.4236,0.4236,0.4236,0.4236,0.4236,0.2707,0.2707
1.174134	3,4,2,1,3	12,8,0,1,0	0.6592,0.6592,0.5,0.5,0.3408,0.3408,0.3333,0.3333,0.3333
1.174134	3,4,2,1,4	12,8,0,1,0	0.6592,0.6592,0.5,0.5,0.3408,0.3408,0.3333,0.3333,0.3333
1.0	3,4,2,1,4	12,8,0,9,0	0.7118,0.7118,0.4236,0.4236,0.4236,0.2882,0.2882,0.2882,0.2882
1.174134	3,4,1,2,3	12,8,1,0,0	0.6592,0.6592,0.5,0.5,0.3408,0.3408,0.3333,0.3333,0.3333
1.174134	3,4,1,2,4	12,8,1,0,0	0.6592,0.6592,0.5,0.5,0.3408,0.3408,0.3333,0.3333,0.3333
1.117818	3,4,1,2,2	12,8,1,2,0	0.5764,0.5764,0.4236,0.4236,0.4236,0.4236,0.4236,0.2707,0.2707
1.174134	3,4,1,2,3	12,8,1,2,0	0.6592,0.6592,0.5,0.5,0.3408,0.3408,0.3333,0.3333,0.3333
1.174134	3,4,1,2,4	12,8,1,2,0	0.6592,0.6592,0.5,0.5,0.3408,0.3408,0.3333,0.3333,0.3333
1.0	3,4,1,2,4	12,8,1,10,0	0.7333,0.7333,0.4236,0.4236,0.4236,0.3098,0.2667,0.2667,0.2667
1.117818	3,4,2,1,2	12,8,2,0,0	0.7293,0.5764,0.4236,0.4236,0.4236,0.4236,0.2707,0.2707,0.2707
1.174134	3,4,2,1,3	12,8,2,0,0	0.6592,0.6517,0.5,0.5,0.3408,0.3408,0.3333,0.3333,0.3333
1.174134	3,4,2,1,4	12,8,2,0,0	0.6592,0.6517,0.5,0.5,0.3408,0.3408,0.3333,0.3333,0.3333
1.117818	3,4,2,1,1	12,8,2,1,0	0.5764,0.5764,0.4236,0.4236,0.4236,0.4236,0.4236,0.2707,0.2707
1.117818	3,4,2,1,2	12,8,2,1,0	0.7293,0.5764,0.4236,0.4236,0.4236,0.4236,0.2707,0.2707,0.2707
1.174134	3,4,2,1,3	12,8,2,1,0	0.6592,0.6517,0.5,0.5,0.3408,0.3408,0.3333,0.3333,0.3333
1.174134	3,4,2,1,4	12,8,2,1,0	0.6592,0.6517,0.5,0.5,0.3408,0.3408,0.3333,0.3333,0.3333
1.0	3,4,2,1,4	12,8,2,9,0	0.7118,0.7118,0.4236,0.4236,0.4236,0.2882,0.2882,0.2882,0.2882
1.174134	3,4,1,2,3	12,8,3,0,0	0.6592,0.6592,0.5,0.5,0.3408,0.3408,0.3333,0.3333,0.3333
1.174134	3,4,1,2,4	12,8,3,0,0	0.6592,0.6592,0.5,0.5,0.3408,0.3408,0.3333,0.3333,0.3333
1.117818	3,4,1,2,1	12,8,3,2,0	0.5764,0.5764,0.4236,0.4236,0.4236,0.4236,0.2707,0.2707,0.2707
1.117818	3,4,1,2,2	12,8,3,2,0	0.5764,0.5764,0.4236,0.4236,0.4236,0.4236,0.2707,0.2707,0.2707
1.18046	3,4,1,2,3	12,8,3,2,0	0.5764,0.5764,0.4236,0.4236,0.4236,0.4236,0.3333,0.3333,0.3333
1.18046	3,4,1,2,4	12,8,3,2,0	0.5764,0.5764,0.4236,0.4236,0.4236,0.4236,0.3333,0.3333,0.3333
1.0	3,4,1,2,4	12,8,3,10,0	0.7333,0.7333,0.4236,0.4236,0.4236,0.3098,0.2667,0.2667,0.2667
1.174134	3,4,2,1,3	12,8,3,0,0	0.6592,0.6592,0.5,0.5,0.3408,0.3408,0.3333,0.3333,0.3333
1.174134	3,4,2,1,4	12,8,3,0,0	0.6592,0.6592,0.5,0.5,0.3408,0.3408,0.3333,0.3333,0.3333
1.117818	3,4,2,1,1	12,8,3,1,0	0.5764,0.5764,0.4236,0.4236,0.4236,0.4236,0.2707,0.2707,0.2707
1.117818	3,4,2,1,2	12,8,3,1,0	0.5764,0.5764,0.4236,0.4236,0.4236,0.4236,0.2707,0.2707,0.2707
1.18046	3,4,2,1,3	12,8,3,1,0	0.5764,0.5764,0.4236,0.4236,0.4236,0.4236,0.3333,0.3333,0.3333
1.18046	3,4,2,1,4	12,8,3,1,0	0.5764,0.5764,0.4236,0.4236,0.4236,0.4236,0.3333,0.3333,0.3333
1.0	3,4,2,1,4	12,8,3,9,0	0.7118,0.7118,0.4236,0.4236,0.4236,0.2882,0.2882,0.2882,0.2882
1.0	3,4,1,2,4	12,8,9,0,0	0.7333,0.7333,0.4667,0.4667,0.3805,0.2667,0.2667,0.2667,0.2667
1.0	3,4,1,2,4	12,8,9,2,0	0.7333,0.7333,0.4236,0.4236,0.4236,0.3098,0.2667,0.2667,0.2667
1.0	3,4,1,2,4	12,8,9,10,0	0.7333,0.7333,0.4236,0.4236,0.4236,0.3098,0.2667,0.2667,0.2667
1.0	3,4,2,1,4	12,8,10,0,0	0.7333,0.7333,0.4236,0.4236,0.4236,0.3098,0.2667,0.2667,0.2667
1.0	3,4,2,1,4	12,8,10,1,0	0.7118,0.7118,0.4236,0.4236,0.4236,0.2882,0.2882,0.2882,0.2882
1.0	3,4,2,1,4	12,8,10,9,0	0.7333,0.7333,0.4236,0.4236,0.4236,0.3098,0.2667,0.2667,0.2667
1.0	3,4,1,2,4	12,8,11,0,0	0.7333,0.7333,0.4667,0.4667,0.3805,0.2667,0.2667,0.2667,0.2667
1.0	3,4,1,2,4	12,8,11,2,0	0.7333,0.7333,0.4667,0.4667,0.3805,0.2667,0.2667,0.2667,0.2667
1.0	3,4,1,2,4	12,8,11,10,0	0.7118,0.7118,0.4236,0.4236,0.4236,0.2882,0.2882,0.2882,0.2882
1.0	3,4,2,1,4	12,8,11,0,0	0.7333,0.7333,0.4667,0.4667,0.3805,0.2667,0.2667,0.2667,0.2667
1.0	3,4,2,1,4	12,8,11,1,0	0.7333,0.7333,0.4236,0.4236,0.4236,0.3098,0.2667,0.2667,0.2667
1.0	3,4,2,1,4	12,8,11,9,0	0.7118,0.7118,0.4236,0.4236,0.4236,0.2882,0.2882,0.2882,0.2882
1.166667	3,1,4,2,3	12,9,8,0,0	0.6504,0.6504,0.5,0.5,0.3333,0.3333,0.3333,0.3333,0.3333
1.166667	3,1,4,2,4	12,9,8,0,0	0.6504,0.6504,0.5,0.5,0.3333,0.3333,0.3333,0.3333,0.3333
1.117818	3,1,4,2,2	12,9,8,2,0	0.5764,0.5764,0.4236,0.4236,0.4236,0.4236,0.4236,0.2707,0.2707
1.173564	3,1,4,2,3	12,9,8,2,0	0.6529,0.6529,0.5,0.5,0.3471,0.3471,0.3471,0.3264,0.3264
1.173564	3,1,4,2,4	12,9,8,2,0	0.6529,0.6529,0.5,0.5,0.3471,0.3471,0.3471,0.3264,0.3264
1.0	3,1,4,2,4	12,9,8,10,0	0.7118,0.7118,0.4236,0.4236,0.4236,0.2882,0.2882,0.2882,0.2882
1.166667	3,1,2,4,3	12,9,10,8,0	0.6504,0.6504,0.5,0.5,0.3333,0.3333,0.3333,0.3333,0.3333
1.166667	3,1,2,4,4	12,9,10,8,0	0.6504,0.6504,0.5,0.5,0.3333,0.3333,0.3333,0.3333,0.3333
1.169704	3,2,4,1,3	12,10,8,0,0	0.6606,0.6515,0.5,0.5,0.3394,0.3394,0.3394,0.3303,0.3303
1.169704	3,2,4,1,4	12,10,8,0,0	0.6606,0.6515,0.5,0.5,0.3394,0.3394,0.3394,0.3303,0.3303
1.117818	3,2,4,1,1	12,10,8,1,0	0.5764,0.5764,0.4236,0.4236,0.4236,0.4236,0.4236,0.2707,0.2707
1.173564	3,2,4,1,3	12,10,8,1,0	0.6529,0.6529,0.5,0.5,0.3471,0.3471,0.3471,0.3264,0.3264
1.173564	3,2,4,1,4	12,10,8,1,0	0.6529,0.6529,0.5,0.5,0.3471,0.3471,0.3471,0.3264,0.3264
1.0	3,2,4,1,4	12,10,8,9,0	0.7118,0.5764,0.4236,0.4236,0.4236,0.2882,0.2882,0.2882,0.2882
1.166667	3,2,1,4,3	12,10,9,8,0	0.6504,0.6504,0.5,0.5,0.3333,0.3333,0.3333,0.3333,0.3333
1.166667	3,2,1,4,4	12,10,9,8,0	0.6504,0.6504,0.5,0.5,0.3333,0.3333,0.3333,0.3333,0.3333
1.166667	3,1,4,2,3	12,11,8,0,0	0.6504,0.6504,0.5,0.5,0.3333,0.3333,0.3333,0.3333,0.3333
1.166667	3,1,4,2,4	12,11,8,0,0	0.6504,0.6504,0.5,0.5,0.3333,0.3333,0.3333,0.3333,0.3333
1.117818	3,1,4,2,2	12,11,8,2,0	0.5764,0.5764,0.4236,0.4236,0.4236,0.4236,0.4236,0.2707,0.2707
1.173564	3,1,4,2,3	12,11,8,2,0	0.6529,0.6529,0.5,0.5,0.3471,0.3471,0.3471,0.3264,0.3264
1.173564	3,1,4,2,4	12,11,8,2,0	0.6529,0.6529,0.5,0.5,0.3471,0.3471,0.3471,0.3264,0.3264
1.0	3,1,4,2,4	12,11,8,10,0	0.7118,0.7118,0.4236,0.4236,0.4236,0.2882,0.2882,0.2882,0.2882
1.166667	3,1,2,4,3	12,11,10,8,0	0.6504,0.6504,0.5,0.5,0.3333,0.3333,0.3333,0.3333,0.3333
1.166667	3,1,2,4,4	12,11,10,8,0	0.6504,0.6504,0.5,0.5,0.3333,0.3333,0.3333,0.3333,0.3333
1.166667	3,2,4,1,3	12,11,8,0,0	0.6504,0.6504,0.5,0.5,0.3333,0.3333,0.3333,0.3333,0.3333
1.166667	3,2,4,1,4	12,11,8,0,0	0.6504,0.6504,0.5,0.5,0.3333,0.3333,0.3333,0.3333,0.3333
1.117818	3,2,4,1,1	12,11,8,1,0	0.5764,0.5764,0.4236,0.4236,0.4236,0.4236,0.4236,0.2707,0.2707
1.173564	3,2,4,1,3	12,11,8,1,0	0.6529,0.6529,0.5,0.5,0.3471,0.3471,0.3471,0.3264,0.3264
1.173564	3,2,4,1,4	12,11,8,1,0	0.6529,0.6529,0.5,0.5,0.3471,0.3471,0.3471,0.3264,0.3264
1.0	3,2,4,1,4	12,11,8,9,0	0.7333,0.7333,0.5333,0.4667,0.3805,0.2667,0.2667,0.2667,0.2667
1.166667	3,2,1,4,3	12,11,9,8,0	0.6504,0.6504,0.5,0.5,0.3333,0.3333,0.3333,0.3333,0.3333
1.166667	3,2,1,4,4	12,11,9,8,0	0.6504,0.6504,0.5,0.5,0.3333,0.3333,0.3333,0.3333,0.3333
1.174134	4,3,1,2,3	12,4,0,0,0	0.6592,0.6592,0.5,0.5,0.3408,0.3408,0.3333,0.3333,0.3333
1.174134	4,3,1,2,4	12,4,0,0,0	0.6592,0.6592,0.5,0.5,0.3408,0.3408,0.3333,0.3333,0.3333
1.117818	4,3,1,2,2	12,4,0,2,0	0.5764,0.5764,0.4236,0.4236,0.4236,0.4236,0.4236,0.2707,0.2707
1.174134	4,3,1,2,3	12,4,0,2,0	0.6592,0.6592,0.5,0.5,0.3408,0.3408,0.3333,0.3333,0.3333
1.174134	4,3,1,2,4	12,4,0,2,0	0.6592,0.6592,0.5,0.5,0.3408,0.3408,0.3333,0.3333,0.3333
1.0	4,3,1,2,3	12,4,0,6,0	0.7333,0.7333,0.4667,0.4667,0.3805,0.2667,0.2667,0.2667,0.2667
1.174134	4,3,2,1,3	12,4,0,0,0	0.6592,0.6592,0.5,0.5,0.3408,0.3408,0.3333,0.3333,0.3333
1.174134	4,3,2,1,4	12,4,0,0,0	0.6592,0.6592,0.5,0.5,0.3408,0.3408,0.3333,0.3333,0.3333
1.117818	4,3,2,1,1	12,4,0,1,0	0.5764,0.5764,0.4236,0.4236,0.4236,0.4236,0.4236,0.2707,0.2707
1.174134	4,3,2,1,3	12,4,0,1,0	0.6592,0.6592,0.5,0.5,0.3408,0.3408,0.3333,0.3333,0.3333
1.174134	4,3,2,1,4	12,4,0,1,0	0.6592,0.6592,0.5,0.5,0.3408,0.3408,0.3333,0.3333,0.3333
1.0	4,3,2,1,3	12,4,0,5,0	0.7333,0.7333,0.4667,0.4667,0.3805,0.2667,0.2667,0.2667,0.2667
1.174134	4,3,1,2,3	12,4,1,0,0	0.6592,0.6592,0.5,0.5,0.3408,0.3408,0.3333,0.3333,0.3333
1.174134	4,3,1,2,4	12,4,1,0,0	0.6592,0.6592,0.5,0.5,0.3408,0.3408,0.3333,0.3333,0.3333
1.117818	4,3,1,2,2	12,4,1,2,0	0.5764,0.5764,0.4236,0.4236,0.4236,0.4236,0.4236,0.2707,0.2707
1.174134	4,3,1,2,3	12,4,1,2,0	0.6592,0.6592,0.5,0.5,0.3408,0.3408,0.3333,0.3333,0.3333
1.174134	4,3,1,2,4	12,4,1,2,0	0.6592,0.6592,0.5,0.5,0.3408,0.3408,0.3333,0.3333,0.3333
1.0	4,3,1,2,3	12,4,1,6,0	0.7333,0.7333,0.4667,0.4667,0.3805,0.2667,0.2667,0.2667,0.2667
1.117818	4,3,2,1,2	12,4,2,0,0	0.7293,0.5764,0.4236,0.4236,0.4236,0.4236,0.2707,0.2707,0.2707
1.174134	4,3,2,1,3	12,4,2,0,0	0.6592,0.6517,0.5,0.5,0.3408,0.3408,0.3333,0.3333,0.3333
1.174134	4,3,2,1,4	12,4,2,0,0	0.6592,0.6517,0.5,0.5,0.3408,0.3408,0.3333,0.3333,0.3333
1.117818	4,3,2,1,1	12,4,2,1,0	0.5764,0.5764,0.4236,0.4236,0.4236,0.4236,0.4236,0.2707,0.2707
1.117818	4,3,2,1,2	12,4,2,1,0	0.7293,0.5764,0.4236,0.4236,0.4236,0.4236,0.2707,0.2707,0.2707
1.174134	4,3,2,1,3	12,4,2,1,0	0.6592,0.6517,0.5,0.5,0.3408,0.3408,0.3333,0.3333,0.3333
1.174134	4,3,2,1,4	12,4,2,1,0	0.6592,0.6517,0.5,0.5,0.3408,0.3408,0.3333,0.3333,0.3333
1.0	4,3,2,1,3	12,4,2,5,0	0.7333,0.7333,0.4667,0.4667,0.3805,0.2667,0.2667,0.2667,0.2667
1.174134	4,3,1,2,3	12,4,3,0,0	0.6592,0.6592,0.5,0.5,0.3408,0.3408,0.3333,0.3333,0.3333
1.174134	4,3,1,2,4	12,4,3,0,0	0.6592,0.6592,0.5,0.5,0.3408,0.3408,0.3333,0.3333,0.3333
1.117818	4,3,1,2,1	12,4,3,2,0	0.5764,0.5764,0.4236,0.4236,0.4236,0.4236,0.2707,0.2707,0.2707
1.117818	4,3,1,2,2	12,4,3,2,0	0.5764,0.5764,0.4236,0.4236,0.4236,0.4236,0.2707,0.2707,0.2707
1.18046	4,3,1,2,3	12,4,3,2,0	0.5764,0.5764,0.4236,0.4236,0.4236,0.4236,0.3333,0.3333,0.3333
1.18046	4,3,1,2,4	12,4,3,2,0	0.5764,0.5764,0.4236,0.4236,0.4236,0.4236,0.3333,0.3333,0.3333
1.0	4,3,1,2,3	12,4,3,6,0	0.7333,0.7333,0.4667,0.4667,0.3805,0.2667,0.2667,0.2667,0.2667
1.174134	4,3,2,1,3	12,4,3,0,0	0.6592,0.6592,0.5,0.5,0.3408,0.3408,0.3333,0.3333,0.3333
1.174134	4,3,2,1,4	12,4,3,0,0	0.6592,0.6592,0.5,0.5,0.3408,0.3408,0.3333,0.3333,0.3333
1.117818	4,3,2,1,1	12,4,3,1,0	0.5764,0.5764,0.4236,0.4236,0.4236,0.4236,0.2707,0.2707,0.2707
1.117818	4,3,2,1,2	12,4,3,1,0	0.5764,0.5764,0.4236,0.4236,0.4236,0.4236,0.2707,0.2707,0.2707
1.18046	4,3,2,1,3	12,4,3,1,0	0.5764,0.5764,0.4236,0.4236,0.4236,0.4236,0.3333,0.3333,0.3333
1.18046	4,3,2,1,4	12,4,3,1,0	0.5764,0.5764,0.4236,0.4236,0.4236,0.4236,0.3333,0.3333,0.3333
1.0	4,3,2,1,3	12,4,3,5,0	0.7333,0.7333,0.4667,0.4667,0.3805,0.2667,0.2667,0.2667,0.2667
1.0	4,3,1,2,3	12,4,5,0,0	0.7333,0.7333,0.4667,0.4667,0.3805,0.2667,0.2667,0.2667,0.2667
1.0	4,3,1,2,3	12,4,5,2,0	0.7333,0.7333,0.4667,0.4667,0.3805,0.2667,0.2667,0.2667,0.2667
1.0	4,3,1,2,3	12,4,5,6,0	0.7118,0.7118,0.4236,0.4236,0.4236,0.2882,0.2882,0.2882,0.2882
1.0	4,3,2,1,3	12,4,6,0,0	0.7333,0.7333,0.4667,0.4667,0.3805,0.2667,0.2667,0.2667,0.2667
1.0	4,3,2,1,3	12,4,6,1,0	0.7333,0.7333,0.4667,0.4667,0.3805,0.2667,0.2667,0.2667,0.2667
1.0	4,3,2,1,3	12,4,6,5,0	0.7333,0.7333,0.4667,0.4667,0.3805,0.2667,0.2667,0.2667,0.2667
1.0	4,3,1,2,3	12,4,7,0,0	0.7333,0.7333,0.4667,0.4667,0.3805,0.2667,0.2667,0.2667,0.2667
1.0	4,3,1,2,3	12,4,7,2,0	0.7333,0.7333,0.4667,0.4667,0.3805,0.2667,0.2667,0.2667,0.2667
1.0	4,3,1,2,3	12,4,7,6,0	0.7333,0.7333,0.4667,0.4667,0.3805,0.2667,0.2667,0.2667,0.2667
1.0	4,3,2,1,3	12,4,7,0,0	0.7333,0.7333,0.4667,0.4667,0.3805,0.2667,0.2667,0.2667,0.2667
1.0	4,3,2,1,3	12,4,7,1,0	0.7333,0.7333,0.4667,0.4667,0.3805,0.2667,0.2667,0.2667,0.2667
1.0	4,3,2,1,3	12,4,7,5,0	0.7333,0.7333,0.4667,0.4667,0.3805,0.2667,0.2667,0.2667,0.2667
1.166667	4,1,3,2,3	12,5,4,0,0	0.6504,0.6504,0.5,0.5,0.3333,0.3333,0.3333,0.3333,0.3333
1.166667	4,1,3,2,4	12,5,4,0,0	0.6504,0.6504,0.5,0.5,0.3333,0.3333,0.3333,0.3333,0.3333
1.117818	4,1,3,2,2	12,5,4,2,0	0.5764,0.5764,0.4236,0.4236,0.4236,0.4236,0.4236,0.2707,0.2707
1.173564	4,1,3,2,3	12,5,4,2,0	0.6529,0.6529,0.5,0.5,0.3471,0.3471,0.3471,0.3264,0.3264
1.173564	4,1,3,2,4	12,5,4,2,0	0.6529,0.6529,0.5,0.5,0.3471,0.3471,0.3471,0.3264,0.3264
1.0	4,1,3,2,3	12,5,4,6,0	0.7333,0.7333,0.4667,0.4667,0.3805,0.2667,0.2667,0.2667,0.2667
1.166667	4,1,2,3,3	12,5,6,4,0	0.6504,0.6504,0.5,0.5,0.3333,0.3333,0.3333,0.3333,0.3333
1.166667	4,1,2,3,4	12,5,6,4,0	0.6504,0.6504,0.5,0.5,0.3333,0.3333,0.3333,0.3333,0.3333
1.169704	4,2,3,1,3	12,6,4,0,0	0.6606,0.6515,0.5,0.5,0.3394,0.3394,0.3394,0.3303,0.3303
1.169704	4,2,3,1,4	12,6,4,0,0	0.6606,0.6515,0.5,0.5,0.3394,0.3394,0.3394,0.3303,0.3303
1.117818	4,2,3,1,1	12,6,4,1,0	0.5764,0.5764,0.4236,0.4236,0.4236,0.4236,0.4236,0.2707,0.2707
1.173564	4,2,3,1,3	12,6,4,1,0	0.6529,0.6529,0.5,0.5,0.3471,0.3471,0.3471,0.3264,0.3264
1.173564	4,2,3,1,4	12,6,4,1,0	0.6529,0.6529,0.5,0.5,0.3471,0.3471,0.3471,0.3264,0.3264
1.0	4,2,3,1,3	12,6,4,5,0	0.7333,0.6195,0.4667,0.4667,0.3805,0.2667,0.2667,0.2667,0.2667
1.166667	4,2,1,3,3	12,6,5,4,0	0.6504,0.6504,0.5,0.5,0.3333,0.3333,0.3333,0.3333,0.3333
1.166667	4,2,1,3,4	12,6,5,4,0	0.6504,0.6504,0.5,0.5,0.3333,0.3333,0.3333,0.3333,0.3333
1.166667	4,1,3,2,3	12,7,4,0,0	0.6504,0.6504,0.5,0.5,0.3333,0.3333,0.3333,0.3333,0.3333
1.166667	4,1,3,2,4	12,7,4,0,0	0.6504,0.6504,0.5,0.5,0.3333,0.3333,0.3333,0.3333,0.3333
1.117818	4,1,3,2,2	12,7,4,2,0	0.5764,0.5764,0.4236,0.4236,0.4236,0.4236,0.4236,0.2707,0.2707
1.173564	4,1,3,2,3	12,7,4,2,0	0.6529,0.6529,0.5,0.5,0.3471,0.3471,0.3471,0.3264,0.3264
1.173564	4,1,3,2,4	12,7,4,2,0	0.6529,0.6529,0.5,0.5,0.3471,0.3471,0.3471,0.3264,0.3264
1.0	4,1,3,2,3	12,7,4,6,0	0.7333,0.7333,0.4667,0.4667,0.3805,0.2667,0.2667,0.2667,0.2667
1.166667	4,1,2,3,3	12,7,6,4,0	0.6504,0.6504,0.5,0.5,0.3333,0.3333,0.3333,0.3333,0.3333
1.166667	4,1,2,3,4	12,7,6,4,0	0.6504,0.6504,0.5,0.5,0.3333,0.3333,0.3333,0.3333,0.3333
1.166667	4,2,3,1,3	12,7,4,0,0	0.6504,0.6504,0.5,0.5,0.3333,0.3333,0.3333,0.3333,0.3333
1.166667	4,2,3,1,4	12,7,4,0,0	0.6504,0.6504,0.5,0.5,0.3333,0.3333,0.3333,0.3333,0.3333
1.117818	4,2,3,1,1	12,7,4,1,0	0.5764,0.5764,0.4236,0.4236,0.4236,0.4236,0.4236,0.2707,0.2707
1.173564	4,2,3,1,3	12,7,4,1,0	0.6529,0.6529,0.5,0.5,0.3471,0.3471,0.3471,0.3264,0.3264
1.173564	4,2,3,1,4	12,7,4,1,0	0.6529,0.6529,0.5,0.5,0.3471,0.3471,0.3471,0.3264,0.3264
1.0	4,2,3,1,3	12,7,4,5,0	0.7333,0.7333,0.4667,0.4667,0.3805,0.2667,0.2667,0.2667,0.2667
1.166667	4,2,1,3,3	12,7,5,4,0	0.6504,0.6504,0.5,0.5,0.3333,0.3333,0.3333,0.3333,0.3333
1.166667	4,2,1,3,4	12,7,5,4,0	0.6504,0.6504,0.5,0.5,0.3333,0.3333,0.3333,0.3333,0.3333
1.097698	1,4,2,3,4	13,8,0,0,0	0.569,0.569,0.569,0.431,0.3333,0.3333,0.3333,0.3333,0.3333
1.117818	1,4,2,3,3	13,8,0,4,0	0.5764,0.5764,0.5764,0.4236,0.4236,0.4236,0.4236,0.2707,0.2707
1.135345	1,4,2,3,4	13,8,0,4,0	0.5764,0.5764,0.5764,0.4236,0.4236,0.4236,0.4236,0.2882,0.2882
1.097698	1,4,3,2,4	13,8,0,0,0	0.569,0.569,0.569,0.431,0.3333,0.3333,0.3333,0.3333,0.3333
1.117818	1,4,3,2,2	13,8,0,2,0	0.5764,0.5764,0.5764,0.4236,0.4236,0.4236,0.4236,0.2707,0.2707
1.135345	1,4,3,2,4	13,8,0,2,0	0.5764,0.5764,0.5764,0.4236,0.4236,0.4236,0.4236,0.2882,0.2882
1.097698	1,4,2,3,4	13,8,2,0,0	0.569,0.569,0.569,0.431,0.3333,0.3333,0.3333,0.3333,0.3333
1.117818	1,4,2,3,3	13,8,2,4,0	0.5764,0.5764,0.5764,0.4236,0.4236,0.4236,0.4236,0.2707,0.2707
1.135345	1,4,2,3,4	13,8,2,4,0	0.5764,0.5764,0.5764,0.4236,0.4236,0.4236,0.4236,0.2882,0.2882
1.097698	1,4,3,2,4	13,8,4,0,0	0.569,0.569,0.569,0.431,0.3333,0.3333,0.3333,0.3333,0.3333
1.117818	1,4,3,2,2	13,8,4,2,0	0.5764,0.5764,0.5764,0.4236,0.4236,0.4236,0.4236,0.2707,0.2707
1.135345	1,4,3,2,4	13,8,4,2,0	0.5764,0.5764,0.5764,0.4236,0.4236,0.4236,0.4236,0.2882,0.2882
1.097698	1,4,2,3,4	13,8,6,0,0	0.569,0.569,0.569,0.431,0.3333,0.3333,0.3333,0.3333,0.3333
1.117818	1,4,2,3,2	13,8,6,4,0	0.5764,0.5764,0.5764,0.4236,0.4236,0.4236,0.2707,0.2707,0.2707
1.117818	1,4,2,3,3	13,8,6,4,0	0.5764,0.5764,0.5764,0.4236,0.4236,0.4236,0.2707,0.2707,0.2707
1.18046	1,4,2,3,4	13,8,6,4,0	0.5764,0.5764,0.5764,0.4236,0.4236,0.4236,0.3333,0.3333,0.3333
1.097698	1,4,3,2,4	13,8,6,0,0	0.569,0.569,0.569,0.431,0.3333,0.3333,0.3333,0.3333,0.3333
1.117818	1,4,3,2,2	13,8,6,2,0	0.5764,0.5764,0.5764,0.4236,0.4236,0.4236,0.2707,0.2707,0.2707
1.117818	1,4,3,2,3	13,8,6,2,0	0.5764,0.5764,0.5764,0.4236,0.4236,0.4236,0.2707,0.2707,0.2707
1.18046	1,4,3,2,4	13,8,6,2,0	0.5764,0.5764,0.5764,0.4236,0.4236,0.4236,0.3333,0.3333,0.3333
1.097698	1,2,4,3,4	13,10,8,0,0	0.569,0.569,0.569,0.431,0.3333,0.3333,0.3333,0.3333,0.3333
1.117818	1,2,4,3,3	13,10,8,4,0	0.5764,0.5764,0.5764,0.4236,0.4236,0.4236,0.4236,0.2707,0.2707
1.135345	1,2,4,3,4	13,10,8,4,0	0.5764,0.5764,0.5764,0.4236,0.4236,0.4236,0.4236,0.2882,0.2882
1.097698	1,2,3,4,4	13,10,12,8,0	0.569,0.569,0.569,0.431,0.3333,0.3333,0.3333,0.3333,0.3333
1.166667	1,3,4,2,3	13,12,8,0,0	0.6504,0.6504,0.5,0.5,0.3333,0.3333,0.3333,0.3333,0.3333
1.166667	1,3,4,2,4	13,12,8,0,0	0.6504,0.6504,0.5,0.5,0.3333,0.3333,0.3333,0.3333,0.3333
1.117818	1,3,4,2,2	13,12,8,2,0	0.5764,0.5764,0.4236,0.4236,0.4236,0.4236,0.4236,0.2707,0.2707
1.173564	1,3,4,2,3	13,12,8,2,0	0.6529,0.6529,0.5,0.5,0.3471,0.3471,0.3471,0.3264,0.3264
1.173564	1,3,4,2,4	13,12,8,2,0	0.6529,0.6529,0.5,0.5,0.3471,0.3471,0.3471,0.3264,0.3264
1.166667	1,3,2,4,3	13,12,10,8,0	0.6504,0.6504,0.5,0.5,0.3333,0.3333,0.3333,0.3333,0.3333
1.166667	1,3,2,4,4	13,12,10,8,0	0.6504,0.6504,0.5,0.5,0.3333,0.3333,0.3333,0.3333,0.3333
1.166667	1,4,3,2,3	13,12,4,0,0	0.6504,0.6504,0.5,0.5,0.3333,0.3333,0.3333,0.3333,0.3333
1.166667	1,4,3,2,4	13,12,4,0,0	0.6504,0.6504,0.5,0.5,0.3333,0.3333,0.3333,0.3333,0.3333
1.117818	1,4,3,2,2	13,12,4,2,0	0.5764,0.5764,0.4236,0.4236,0.4236,0.4236,0.4236,0.2707,0.2707
1.173564	1,4,3,2,3	13,12,4,2,0	0.6529,0.6529,0.5,0.5,0.3471,0.3471,0.3471,0.3264,0.3264
1.173564	1,4,3,2,4	13,12,4,2,0	0.6529,0.6529,0.5,0.5,0.3471,0.3471,0.3471,0.3264,0.3264
1.166667	1,4,2,3,3	13,12,6,4,0	0.6504,0.6504,0.5,0.5,0.3333,0.3333,0.3333,0.3333,0.3333
1.166667	1,4,2,3,4	13,12,6,4,0	0.6504,0.6504,0.5,0.5,0.3333,0.3333,0.3333,0.3333,0.3333
1.097698	1,2,4,3,4	13,14,8,0,0	0.569,0.569,0.569,0.431,0.3333,0.3333,0.3333,0.3333,0.3333
1.117818	1,2,4,3,3	13,14,8,4,0	0.5764,0.5764,0.5764,0.4236,0.4236,0.4236,0.4236,0.2707,0.2707
1.135345	1,2,4,3,4	13,14,8,4,0	0.5764,0.5764,0.5764,0.4236,0.4236,0.4236,0.4236,0.2882,0.2882
1.166667	1,2,3,4,3	13,14,12,8,0	0.6504,0.6504,0.5,0.5,0.3333,0.3333,0.3333,0.3333,0.3333
1.166667	1,2,3,4,4	13,14,12,8,0	0.6504,0.6504,0.5,0.5,0.3333,0.3333,0.3333,0.3333,0.3333
1.166667	1,2,4,3,3	13,14,12,4,0	0.6504,0.6504,0.5,0.5,0.3333,0.3333,0.3333,0.3333,0.3333
1.166667	1,2,4,3,4	13,14,12,4,0	0.6504,0.6504,0.5,0.5,0.3333,0.3333,0.3333,0.3333,0.3333
1.097698	1,3,4,2,4	13,14,8,0,0	0.569,0.569,0.569,0.431,0.3333,0.3333,0.3333,0.3333,0.3333
1.117818	1,3,4,2,2	13,14,8,2,0	0.5764,0.5764,0.5764,0.4236,0.4236,0.4236,0.4236,0.2707,0.2707
1.135345	1,3,4,2,4	13,14,8,2,0	0.5764,0.5764,0.5764,0.4236,0.4236,0.4236,0.4236,0.2882,0.2882
1.097698	1,3,2,4,4	13,14,10,8,0	0.569,0.569,0.569,0.431,0.3333,0.3333,0.3333,0.3333,0.3333
1.097698	3,4,1,2,4	13,8,0,0,0	0.569,0.569,0.569,0.431,0.3333,0.3333,0.3333,0.3333,0.3333
1.117818	3,4,1,2,2	13,8,0,2,0	0.5764,0.5764,0.5764,0.4236,0.4236,0.4236,0.4236,0.2707,0.2707
1.135345	3,4,1,2,4	13,8,0,2,0	0.5764,0.5764,0.5764,0.4236,0.4236,0.4236,0.4236,0.2882,0.2882
1.097698	3,4,2,1,4	13,8,0,0,0	0.569,0.569,0.569,0.431,0.3333,0.3333,0.3333,0.3333,0.3333
1.117818	3,4,2,1,1	13,8,0,1,0	0.5764,0.5764,0.5764,0.4236,0.4236,0.4236,0.4236,0.2707,0.2707
1.135345	3,4,2,1,4	13,8,0,1,0	0.5764,0.5764,0.5764,0.4236,0.4236,0.4236,0.4236,0.2882,0.2882
1.097698	3,4,1,2,4	13,8,1,0,0	0.569,0.569,0.569,0.431,0.3333,0.3333,0.3333,0.3333,0.3333
1.117818	3,4,1,2,2	13,8,1,2,0	0.5764,0.5764,0.5764,0.4236,0.4236,0.4236,0.4236,0.2707,0.2707
1.135345	3,4,1,2,4	13,8,1,2,0	0.5764,0.5764,0.5764,0.4236,0.4236,0.4236,0.4236,0.2882,0.2882
1.097698	3,4,2,1,4	13,8,2,0,0	0.569,0.569,0.569,0.431,0.3333,0.3333,0.3333,0.3333,0.3333
1.117818	3,4,2,1,1	13,8,2,1,0	0.5764,0.5764,0.5764,0.4236,0.4236,0.4236,0.4236,0.2707,0.2707
1.135345	3,4,2,1,4	13,8,2,1,0	0.5764,0.5764,0.5764,0.4236,0.4236,0.4236,0.4236,0.2882,0.2882
1.097698	3,4,1,2,4	13,8,3,0,0	0.569,0.569,0.569,0.431,0.3333,0.3333,0.3333,0.3333,0.3333
1.117818	3,4,1,2,1	13,8,3,2,0	0.5764,0.5764,0.5764,0.4236,0.4236,0.4236,0.2707,0.2707,0.2707
1.117818	3,4,1,2,2	13,8,3,2,0	0.5764,0.5764,0.5764,0.4236,0.4236,0.4236,0.2707,0.2707,0.2707
1.18046	3,4,1,2,4	13,8,3,2,0	0.5764,0.5764,0.5764,0.4236,0.4236,0.4236,0.3333,0.3333,0.3333
1.097698	3,4,2,1,4	13,8,3,0,0	0.569,0.569,0.569,0.431,0.3333,0.3333,0.3333,0.3333,0.3333
1.117818	3,4,2,1,1	13,8,3,1,0	0.5764,0.5764,0.5764,0.4236,0.4236,0.4236,0.2707,0.2707,0.2707
1.117818	3,4,2,1,2	13,8,3,1,0	0.5764,0.5764,0.5764,0.4236,0.4236,0.4236,0.2707,0.2707,0.2707
1.18046	3,4,2,1,4	13,8,3,1,0	0.5764,0.5764,0.5764,0.4236,0.4236,0.4236,0.3333,0.3333,0.3333
1.097698	3,1,4,2,4	13,9,8,0,0	0.569,0.569,0.569,0.431,0.3333,0.3333,0.3333,0.3333,0.3333
1.117818	3,1,4,2,2	13,9,8,2,0	0.5764,0.5764,0.5764,0.4236,0.4236,0.4236,0.4236,0.2707,0.2707
1.135345	3,1,4,2,4	13,9,8,2,0	0.5764,0.5764,0.5764,0.4236,0.4236,0.4236,0.4236,0.2882,0.2882
1.097698	3,1,2,4,4	13,9,10,8,0	0.569,0.569,0.569,0.431,0.3333,0.3333,0.3333,0.3333,0.3333
1.097698	3,2,4,1,4	13,10,8,0,0	0.569,0.569,0.569,0.431,0.3333,0.3333,0.3333,0.3333,0.3333
1.117818	3,2,4,1,1	13,10,8,1,0	0.5764,0.5764,0.5764,0.4236,0.4236,0.4236,0.4236,0.2707,0.2707
1.135345	3,2,4,1,4	13,10,8,1,0	0.5764,0.5764,0.5764,0.4236,0.4236,0.4236,0.4236,0.2882,0.2882
1.097698	3,2,1,4,4	13,10,9,8,0	0.569,0.569,0.569,0.431,0.3333,0.3333,0.3333,0.3333,0.3333
1.097698	3,1,4,2,4	13,11,8,0,0	0.569,0.569,0.569,0.431,0.3333,0.3333,0.3333,0.3333,0.3333
1.117818	3,1,4,2,2	13,11,8,2,0	0.5764,0.5764,0.5764,0.4236,0.4236,0.4236,0.4236,0.2707,0.2707
1.135345	3,1,4,2,4	13,11,8,2,0	0.5764,0.5764,0.5764,0.4236,0.4236,0.4236,0.4236,0.2882,0.2882
1.097698	3,1,2,4,4	13,11,10,8,0	0.569,0.569,0.569,0.431,0.3333,0.3333,0.3333,0.3333,0.3333
1.097698	3,2,4,1,4	13,11,8,0,0	0.569,0.569,0.569,0.431,0.3333,0.3333,0.3333,0.3333,0.3333
1.117818	3,2,4,1,1	13,11,8,1,0	0.5764,0.5764,0.5764,0.4236,0.4236,0.4236,0.4236,0.2707,0.2707
1.135345	3,2,4,1,4	13,11,8,1,0	0.5764,0.5764,0.5764,0.4236,0.4236,0.4236,0.4236,0.2882,0.2882
1.097698	3,2,1,4,4	13,11,9,8,0	0.569,0.569,0.569,0.431,0.3333,0.3333,0.3333,0.3333,0.3333
1.097698	2,4,1,3,4	14,8,0,0,0	0.569,0.569,0.569,0.431,0.3333,0.3333,0.3333,0.3333,0.3333
1.117818	2,4,1,3,3	14,8,0,4,0	0.5764,0.5764,0.5764,0.4236,0.4236,0.4236,0.4236,0.2707,0.2707
1.135345	2,4,1,3,4	14,8,0,4,0	0.5764,0.5764,0.5764,0.4236,0.4236,0.4236,0.4236,0.2882,0.2882
1.113481	2,4,3,1,4	14,8,0,0,0	0.6288,0.5721,0.5721,0.4279,0.3712,0.3712,0.3712,0.3144,0.3144
1.117818	2,4,3,1,1	14,8,0,1,0	0.5764,0.5764,0.5764,0.4236,0.4236,0.4236,0.4236,0.2707,0.2707
1.135345	2,4,3,1,4	14,8,0,1,0	0.5764,0.5764,0.5764,0.4236,0.4236,0.4236,0.4236,0.2882,0.2882
1.097698	2,4,1,3,4	14,8,1,0,0	0.569,0.569,0.569,0.431,0.3333,0.3333,0.3333,0.3333,0.3333
1.117818	2,4,1,3,3	14,8,1,4,0	0.5764,0.5764,0.5764,0.4236,0.4236,0.4236,0.4236,0.2707,0.2707
1.135345	2,4,1,3,4	14,8,1,4,0	0.5764,0.5764,0.5764,0.4236,0.4236,0.4236,0.4236,0.2882,0.2882
1.117818	2,4,3,1,3	14,8,4,0,0	0.7293,0.5764,0.5764,0.4236,0.4236,0.4236,0.2707,0.2707,0.2707
1.140724	2,4,3,1,4	14,8,4,0,0	0.6198,0.5729,0.5729,0.4271,0.3802,0.3802,0.3333,0.3333,0.3333
1.117818	2,4,3,1,1	14,8,4,1,0	0.5764,0.5764,0.5764,0.4236,0.4236,0.4236,0.4236,0.2707,0.2707
1.117818	2,4,3,1,3	14,8,4,1,0	0.7293,0.5764,0.5764,0.4236,0.4236,0.4236,0.2707,0.2707,0.2707
1.140724	2,4,3,1,4	14,8,4,1,0	0.6198,0.5729,0.5729,0.4271,0.3802,0.3802,0.3333,0.3333,0.3333
1.097698	2,4,1,3,4	14,8,5,0,0	0.569,0.569,0.569,0.431,0.3333,0.3333,0.3333,0.3333,0.3333
1.117818	2,4,1,3,1	14,8,5,4,0	0.5764,0.5764,0.5764,0.4236,0.4236,0.4236,0.2707,0.2707,0.2707
1.117818	2,4,1,3,3	14,8,5,4,0	0.5764,0.5764,0.5764,0.4236,0.4236,0.4236,0.2707,0.2707,0.2707
1.18046	2,4,1,3,4	14,8,5,4,0	0.5764,0.5764,0.5764,0.4236,0.4236,0.4236,0.3333,0.3333,0.3333
1.097698	2,4,3,1,4	14,8,5,0,0	0.569,0.569,0.569,0.431,0.3333,0.3333,0.3333,0.3333,0.3333
1.117818	2,4,3,1,1	14,8,5,1,0	0.5764,0.5764,0.5764,0.4236,0.4236,0.4236,0.2707,0.2707,0.2707
1.117818	2,4,3,1,3	14,8,5,1,0	0.5764,0.5764,0.5764,0.4236,0.4236,0.4236,0.2707,0.2707,0.2707
1.18046	2,4,3,1,4	14,8,5,1,0	0.5764,0.5764,0.5764,0.4236,0.4236,0.4236,0.3333,0.3333,0.3333
1.097698	2,1,4,3,4	14,9,8,0,0	0.569,0.569,0.569,0.431,0.3333,0.3333,0.3333,0.3333,0.3333
1.117818	2,1,4,3,3	14,9,8,4,0	0.5764,0.5764,0.5764,0.4236,0.4236,0.4236,0.4236,0.2707,0.2707
1.135345	2,1,4,3,4	14,9,8,4,0	0.5764,0.5764,0.5764,0.4236,0.4236,0.4236,0.4236,0.2882,0.2882
1.097698	2,1,3,4,4	14,9,12,8,0	0.569,0.569,0.569,0.431,0.3333,0.3333,0.3333,0.3333,0.3333
1.169704	2,3,4,1,2	14,12,8,0,0	0.6606,0.5,0.5,0.5,0.3394,0.3394,0.3394,0.3303,0.3303
1.169704	2,3,4,1,3	14,12,8,0,0	0.6606,0.5,0.5,0.5,0.3394,0.3394,0.3394,0.3303,0.3303
1.169704	2,3,4,1,4	14,12,8,0,0	0.6606,0.5,0.5,0.5,0.3394,0.3394,0.3394,0.3303,0.3303
1.117818	2,3,4,1,1	14,12,8,1,0	0.5764,0.4236,0.4236,0.4236,0.4236,0.4236,0.4236,0.2707,0.2707
1.173564	2,3,4,1,2	14,12,8,1,0	0.6529,0.5,0.5,0.5,0.3471,0.3471,0.3471,0.3264,0.3264
1.173564	2,3,4,1,3	14,12,8,1,0	0.6529,0.5,0.5,0.5,0.3471,0.3471,0.3471,0.3264,0.3264
1.173564	2,3,4,1,4	14,12,8,1,0	0.6529,0.5,0.5,0.5,0.3471,0.3471,0.3471,0.3264,0.3264
1.030278	2,3,4,1,3	14,12,8,5,0	0.7636,0.4667,0.4667,0.4667,0.4061,0.2969,0.2969,0.2667,0.2667
1.030278	2,3,4,1,4	14,12,8,5,0	0.7636,0.4667,0.4667,0.4667,0.4061,0.2969,0.2969,0.2667,0.2667
1.030278	2,3,4,1,3	14,12,8,9,0	0.7636,0.4667,0.4667,0.4667,0.4061,0.2969,0.2969,0.2667,0.2667
1.030278	2,3,4,1,4	14,12,8,9,0	0.7636,0.4667,0.4667,0.4667,0.4061,0.2969,0.2969,0.2667,0.2667
1.030278	2,3,4,1,3	14,12,8,13,0	0.7636,0.4667,0.4667,0.4667,0.4061,0.2969,0.2969,0.2667,0.2667
1.030278	2,3,4,1,4	14,12,8,13,0	0.7636,0.4667,0.4667,0.4667,0.4061,0.2969,0.2969,0.2667,0.2667
1.166667	2,3,1,4,2	14,12,9,8,0	0.6504,0.5,0.5,0.5,0.3333,0.3333,0.3333,0.3333,0.3333
1.166667	2,3,1,4,3	14,12,9,8,0	0.6504,0.5,0.5,0.5,0.3333,0.3333,0.3333,0.3333,0.3333
1.166667	2,3,1,4,4	14,12,9,8,0	0.6504,0.5,0.5,0.5,0.3333,0.3333,0.3333,0.3333,0.3333
1.0	2,3,1,4,3	14,12,13,8,0	0.7118,0.4236,0.4236,0.4236,0.4236,0.2882,0.2882,0.2882,0.2882
1.0	2,3,1,4,4	14,12,13,8,0	0.7118,0.4236,0.4236,0.4236,0.4236,0.2882,0.2882,0.2882,0.2882
1.169704	2,4,3,1,2	14,12,4,0,0	0.6606,0.5,0.5,0.5,0.3394,0.3394,0.3394,0.3303,0.3303
1.169704	2,4,3,1,3	14,12,4,0,0	0.6606,0.5,0.5,0.5,0.3394,0.3394,0.3394,0.3303,0.3303
1.169704	2,4,3,1,4	14,12,4,0,0	0.6606,0.5,0.5,0.5,0.3394,0.3394,0.3394,0.3303,0.3303
1.117818	2,4,3,1,1	14,12,4,1,0	0.5764,0.4236,0.4236,0.4236,0.4236,0.4236,0.4236,0.2707,0.2707
1.173564	2,4,3,1,2	14,12,4,1,0	0.6529,0.5,0.5,0.5,0.3471,0.3471,0.3471,0.3264,0.3264
1.173564	2,4,3,1,3	14,12,4,1,0	0.6529,0.5,0.5,0.5,0.3471,0.3471,0.3471,0.3264,0.3264
1.173564	2,4,3,1,4	14,12,4,1,0	0.6529,0.5,0.5,0.5,0.3471,0.3471,0.3471,0.3264,0.3264
1.030278	2,4,3,1,3	14,12,4,5,0	0.7636,0.4667,0.4667,0.4667,0.4061,0.2969,0.2969,0.2667,0.2667
1.030278	2,4,3,1,4	14,12,4,5,0	0.7636,0.4667,0.4667,0.4667,0.4061,0.2969,0.2969,0.2667,0.2667
1.030278	2,4,3,1,3	14,12,4,9,0	0.7636,0.4667,0.4667,0.4667,0.4061,0.2969,0.2969,0.2667,0.2667
1.030278	2,4,3,1,4	14,12,4,9,0	0.7636,0.4667,0.4667,0.4667,0.4061,0.2969,0.2969,0.2667,0.2667
1.030278	2,4,3,1,3	14,12,4,13,0	0.7636,0.4667,0.4667,0.4667,0.4061,0.2969,0.2969,0.2667,0.2667
1.030278	2,4,3,1,4	14,12,4,13,0	0.7636,0.4667,0.4667,0.4667,0.4061,0.2969,0.2969,0.2667,0.2667
1.166667	2,4,1,3,2	14,12,5,4,0	0.6504,0.5,0.5,0.5,0.3333,0.3333,0.3333,0.3333,0.3333
1.166667	2,4,1,3,3	14,12,5,4,0	0.6504,0.5,0.5,0.5,0.3333,0.3333,0.3333,0.3333,0.3333
1.166667	2,4,1,3,4	14,12,5,4,0	0.6504,0.5,0.5,0.5,0.3333,0.3333,0.3333,0.3333,0.3333
1.0	2,4,1,3,3	14,12,13,4,0	0.7333,0.4667,0.4667,0.4667,0.3805,0.2667,0.2667,0.2667,0.2667
1.0	2,4,1,3,4	14,12,13,4,0	0.7333,0.4667,0.4667,0.4667,0.3805,0.2667,0.2667,0.2667,0.2667
1.097698	2,1,4,3,4	14,13,8,0,0	0.569,0.569,0.569,0.431,0.3333,0.3333,0.3333,0.3333,0.3333
1.117818	2,1,4,3,3	14,13,8,4,0	0.5764,0.5764,0.5764,0.4236,0.4236,0.4236,0.4236,0.2707,0.2707
1.135345	2,1,4,3,4	14,13,8,4,0	0.5764,0.5764,0.5764,0.4236,0.4236,0.4236,0.4236,0.2882,0.2882
1.166667	2,1,3,4,2	14,13,12,8,0	0.6504,0.5,0.5,0.5,0.3333,0.3333,0.3333,0.3333,0.3333
1.166667	2,1,3,4,3	14,13,12,8,0	0.6504,0.5,0.5,0.5,0.3333,0.3333,0.3333,0.3333,0.3333
1.166667	2,1,3,4,4	14,13,12,8,0	0.6504,0.5,0.5,0.5,0.3333,0.3333,0.3333,0.3333,0.3333
1.166667	2,1,4,3,2	14,13,12,4,0	0.6504,0.5,0.5,0.5,0.3333,0.3333,0.3333,0.3333,0.3333
1.166667	2,1,4,3,3	14,13,12,4,0	0.6504,0.5,0.5,0.5,0.3333,0.3333,0.3333,0.3333,0.3333
1.166667	2,1,4,3,4	14,13,12,4,0	0.6504,0.5,0.5,0.5,0.3333,0.3333,0.3333,0.3333,0.3333
1.097698	2,3,4,1,4	14,13,8,0,0	0.569,0.569,0.569,0.431,0.3333,0.3333,0.3333,0.3333,0.3333
1.117818	2,3,4,1,1	14,13,8,1,0	0.5764,0.5764,0.5764,0.4236,0.4236,0.4236,0.4236,0.2707,0.2707
1.135345	2,3,4,1,4	14,13,8,1,0	0.5764,0.5764,0.5764,0.4236,0.4236,0.4236,0.4236,0.2882,0.2882
1.097698	2,3,1,4,4	14,13,9,8,0	0.569,0.569,0.569,0.431,0.3333,0.3333,0.3333,0.3333,0.3333
1.097698	3,4,1,2,4	14,8,0,0,0	0.569,0.569,0.569,0.431,0.3333,0.3333,0.3333,0.3333,0.3333
1.117818	3,4,1,2,2	14,8,0,2,0	0.5764,0.5764,0.5764,0.4236,0.4236,0.4236,0.4236,0.2707,0.2707
1.135345	3,4,1,2,4	14,8,0,2,0	0.5764,0.5764,0.5764,0.4236,0.4236,0.4236,0.4236,0.2882,0.2882
1.113481	3,4,2,1,4	14,8,0,0,0	0.6288,0.5721,0.5721,0.4279,0.3712,0.3712,0.3712,0.3144,0.3144
1.117818	3,4,2,1,1	14,8,0,1,0	0.5764,0.5764,0.5764,0.4236,0.4236,0.4236,0.4236,0.2707,0.2707
1.135345	3,4,2,1,4	14,8,0,1,0	0.5764,0.5764,0.5764,0.4236,0.4236,0.4236,0.4236,0.2882,0.2882
1.097698	3,4,1,2,4	14,8,1,0,0	0.569,0.569,0.569,0.431,0.3333,0.3333,0.3333,0.3333,0.3333
1.117818	3,4,1,2,2	14,8,1,2,0	0.5764,0.5764,0.5764,0.4236,0.4236,0.4236,0.4236,0.2707,0.2707
1.135345	3,4,1,2,4	14,8,1,2,0	0.5764,0.5764,0.5764,0.4236,0.4236,0.4236,0.4236,0.2882,0.2882
1.117818	3,4,2,1,2	14,8,2,0,0	0.7293,0.5764,0.5764,0.4236,0.4236,0.4236,0.2707,0.2707,0.2707
1.140724	3,4,2,1,4	14,8,2,0,0	0.6198,0.5729,0.5729,0.4271,0.3802,0.3802,0.3333,0.3333,0.3333
1.117818	3,4,2,1,1	14,8,2,1,0	0.5764,0.5764,0.5764,0.4236,0.4236,0.4236,0.4236,0.2707,0.2707
1.117818	3,4,2,1,2	14,8,2,1,0	0.7293,0.5764,0.5764,0.4236,0.4236,0.4236,0.2707,0.2707,0.2707
1.140724	3,4,2,1,4	14,8,2,1,0	0.6198,0.5729,0.5729,0.4271,0.3802,0.3802,0.3333,0.3333,0.3333
1.097698	3,4,1,2,4	14,8,3,0,0	0.569,0.569,0.569,0.431,0.3333,0.3333,0.3333,0.3333,0.3333
1.117818	3,4,1,2,1	14,8,3,2,0	0.5764,0.5764,0.5764,0.4236,0.4236,0.4236,0.2707,0.2707,0.2707
1.117818	3,4,1,2,2	14,8,3,2,0	0.5764,0.5764,0.5764,0.4236,0.4236,0.4236,0.2707,0.2707,0.2707
1.18046	3,4,1,2,4	14,8,3,2,0	0.5764,0.5764,0.5764,0.4236,0.4236,0.4236,0.3333,0.3333,0.3333
1.097698	3,4,2,1,4	14,8,3,0,0	0.569,0.569,0.569,0.431,0.3333,0.3333,0.3333,0.3333,0.3333
1.117818	3,4,2,1,1	14,8,3,1,0	0.5764,0.5764,0.5764,0.4236,0.4236,0.4236,0.2707,0.2707,0.2707
1.117818	3,4,2,1,2	14,8,3,1,0	0.5764,0.5764,0.5764,0.4236,0.4236,0.4236,0.2707,0.2707,0.2707
1.18046	3,4,2,1,4	14,8,3,1,0	0.5764,0.5764,0.5764,0.4236,0.4236,0.4236,0.3333,0.3333,0.3333
1.097698	3,1,4,2,4	14,9,8,0,0	0.569,0.569,0.569,0.431,0.3333,0.3333,0.3333,0.3333,0.3333
1.117818	3,1,4,2,2	14,9,8,2,0	0.5764,0.5764,0.5764,0.4236,0.4236,0.4236,0.4236,0.2707,0.2707
1.135345	3,1,4,2,4	14,9,8,2,0	0.5764,0.5764,0.5764,0.4236,0.4236,0.4236,0.4236,0.2882,0.2882
1.097698	3,1,2,4,4	14,9,10,8,0	0.569,0.569,0.569,0.431,0.3333,0.3333,0.3333,0.3333,0.3333
1.169704	3,2,4,1,2	14,10,8,0,0	0.6606,0.5,0.5,0.5,0.3394,0.3394,0.3394,0.3303,0.3303
1.169704	3,2,4,1,3	14,10,8,0,0	0.6606,0.5,0.5,0.5,0.3394,0.3394,0.3394,0.3303,0.3303
1.169704	3,2,4,1,4	14,10,8,0,0	0.6606,0.5,0.5,0.5,0.3394,0.3394,0.3394,0.3303,0.3303
1.117818	3,2,4,1,1	14,10,8,1,0	0.5764,0.4236,0.4236,0.4236,0.4236,0.4236,0.4236,0.2707,0.2707
1.173564	3,2,4,1,2	14,10,8,1,0	0.6529,0.5,0.5,0.5,0.3471,0.3471,0.3471,0.3264,0.3264
1.173564	3,2,4,1,3	14,10,8,1,0	0.6529,0.5,0.5,0.5,0.3471,0.3471,0.3471,0.3264,0.3264
1.173564	3,2,4,1,4	14,10,8,1,0	0.6529,0.5,0.5,0.5,0.3471,0.3471,0.3471,0.3264,0.3264
1.030278	3,2,4,1,2	14,10,8,3,0	0.7636,0.4667,0.4667,0.4667,0.4061,0.2969,0.2969,0.2667,0.2667
1.030278	3,2,4,1,4	14,10,8,3,0	0.7636,0.4667,0.4667,0.4667,0.4061,0.2969,0.2969,0.2667,0.2667
1.030278	3,2,4,1,2	14,10,8,9,0	0.7636,0.4667,0.4667,0.4667,0.4061,0.2969,0.2969,0.2667,0.2667
1.030278	3,2,4,1,4	14,10,8,9,0	0.7636,0.4667,0.4667,0.4667,0.4061,0.2969,0.2969,0.2667,0.2667
1.030278	3,2,4,1,2	14,10,8,11,0	0.7636,0.4667,0.4667,0.4667,0.4061,0.2969,0.2969,0.2667,0.2667
1.030278	3,2,4,1,4	14,10,8,11,0	0.7636,0.4667,0.4667,0.4667,0.4061,0.2969,0.2969,0.2667,0.2667
1.166667	3,2,1,4,2	14,10,9,8,0	0.6504,0.5,0.5,0.5,0.3333,0.3333,0.3333,0.3333,0.3333
1.166667	3,2,1,4,3	14,10,9,8,0	0.6504,0.5,0.5,0.5,0.3333,0.3333,0.3333,0.3333,0.3333
1.166667	3,2,1,4,4	14,10,9,8,0	0.6504,0.5,0.5,0.5,0.3333,0.3333,0.3333,0.3333,0.3333
1.0	3,2,1,4,2	14,10,11,8,0	0.7118,0.4236,0.4236,0.4236,0.4236,0.2882,0.2882,0.2882,0.2882
1.0	3,2,1,4,4	14,10,11,8,0	0.7118,0.4236,0.4236,0.4236,0.4236,0.2882,0.2882,0.2882,0.2882
1.169704	3,4,2,1,2	14,10,2,0,0	0.6606,0.5,0.5,0.5,0.3394,0.3394,0.3394,0.3303,0.3303
1.169704	3,4,2,1,3	14,10,2,0,0	0.6606,0.5,0.5,0.5,0.3394,0.3394,0.3394,0.3303,0.3303
1.169704	3,4,2,1,4	14,10,2,0,0	0.6606,0.5,0.5,0.5,0.3394,0.3394,0.3394,0.3303,0.3303
1.117818	3,4,2,1,1	14,10,2,1,0	0.5764,0.4236,0.4236,0.4236,0.4236,0.4236,0.4236,0.2707,0.2707
1.173564	3,4,2,1,2	14,10,2,1,0	0.6529,0.5,0.5,0.5,0.3471,0.3471,0.3471,0.3264,0.3264
1.173564	3,4,2,1,3	14,10,2,1,0	0.6529,0.5,0.5,0.5,0.3471,0.3471,0.3471,0.3264,0.3264
1.173564	3,4,2,1,4	14,10,2,1,0	0.6529,0.5,0.5,0.5,0.3471,0.3471,0.3471,0.3264,0.3264
1.030278	3,4,2,1,2	14,10,2,3,0	0.7636,0.4667,0.4667,0.4667,0.4061,0.2969,0.2969,0.2667,0.2667
1.030278	3,4,2,1,4	14,10,2,3,0	0.7636,0.4667,0.4667,0.4667,0.4061,0.2969,0.2969,0.2667,0.2667
1.030278	3,4,2,1,2	14,10,2,9,0	0.7636,0.4667,0.4667,0.4667,0.4061,0.2969,0.2969,0.2667,0.2667
1.030278	3,4,2,1,4	14,10,2,9,0	0.7636,0.4667,0.4667,0.4667,0.4061,0.2969,0.2969,0.2667,0.2667
1.030278	3,4,2,1,2	14,10,2,11,0	0.7636,0.4667,0.4667,0.4667,0.4061,0.2969,0.2969,0.2667,0.2667
1.030278	3,4,2,1,4	14,10,2,11,0	0.7636,0.4667,0.4667,0.4667,0.4061,0.2969,0.2969,0.2667,0.2667
1.166667	3,4,1,2,2	14,10,3,2,0	0.6504,0.5,0.5,0.5,0.3333,0.3333,0.3333,0.3333,0.3333
1.166667	3,4,1,2,3	14,10,3,2,0	0.6504,0.5,0.5,0.5,0.3333,0.3333,0.3333,0.3333,0.3333
1.166667	3,4,1,2,4	14,10,3,2,0	0.6504,0.5,0.5,0.5,0.3333,0.3333,0.3333,0.3333,0.3333
1.0	3,4,1,2,2	14,10,11,2,0	0.7333,0.4667,0.4667,0.4667,0.3805,0.2667,0.2667,0.2667,0.2667
1.0	3,4,1,2,4	14,10,11,2,0	0.7333,0.4667,0.4667,0.4667,0.3805,0.2667,0.2667,0.2667,0.2667
1.097698	3,1,4,2,4	14,11,8,0,0	0.569,0.569,0.569,0.431,0.3333,0.3333,0.3333,0.3333,0.3333
1.117818	3,1,4,2,2	14,11,8,2,0	0.5764,0.5764,0.5764,0.4236,0.4236,0.4236,0.4236,0.2707,0.2707
1.135345	3,1,4,2,4	14,11,8,2,0	0.5764,0.5764,0.5764,0.4236,0.4236,0.4236,0.4236,0.2882,0.2882
1.166667	3,1,2,4,2	14,11,10,8,0	0.6504,0.5,0.5,0.5,0.3333,0.3333,0.3333,0.3333,0.3333
1.166667	3,1,2,4,3	14,11,10,8,0	0.6504,0.5,0.5,0.5,0.3333,0.3333,0.3333,0.3333,0.3333
1.166667	3,1,2,4,4	14,11,10,8,0	0.6504,0.5,0.5,0.5,0.3333,0.3333,0.3333,0.3333,0.3333
1.166667	3,1,4,2,2	14,11,10,2,0	0.6504,0.5,0.5,0.5,0.3333,0.3333,0.3333,0.3333,0.3333
1.166667	3,1,4,2,3	14,11,10,2,0	0.6504,0.5,0.5,0.5,0.3333,0.3333,0.3333,0.3333,0.3333
1.166667	3,1,4,2,4	14,11,10,2,0	0.6504,0.5,0.5,0.5,0.3333,0.3333,0.3333,0.3333,0.3333
1.097698	3,2,4,1,4	14,11,8,0,0	0.569,0.569,0.569,0.431,0.3333,0.3333,0.3333,0.3333,0.3333
1.117818	3,2,4,1,1	14,11,8,1,0	0.5764,0.5764,0.5764,0.4236,0.4236,0.4236,0.4236,0.2707,0.2707
1.135345	3,2,4,1,4	14,11,8,1,0	0.5764,0.5764,0.5764,0.4236,0.4236,0.4236,0.4236,0.2882,0.2882
1.097698	3,2,1,4,4	14,11,9,8,0	0.569,0.569,0.569,0.431,0.3333,0.3333,0.3333,0.3333,0.3333
1.169704	4,2,3,1,2	14,6,4,0,0	0.6606,0.5,0.5,0.5,0.3394,0.3394,0.3394,0.3303,0.3303
1.169704	4,2,3,1,3	14,6,4,0,0	0.6606,0.5,0.5,0.5,0.3394,0.3394,0.3394,0.3303,0.3303
1.169704	4,2,3,1,4	14,6,4,0,0	0.6606,0.5,0.5,0.5,0.3394,0.3394,0.3394,0.3303,0.3303
1.117818	4,2,3,1,1	14,6,4,1,0	0.5764,0.4236,0.4236,0.4236,0.4236,0.4236,0.4236,0.2707,0.2707
1.173564	4,2,3,1,2	14,6,4,1,0	0.6529,0.5,0.5,0.5,0.3471,0.3471,0.3471,0.3264,0.3264
1.173564	4,2,3,1,3	14,6,4,1,0	0.6529,0.5,0.5,0.5,0.3471,0.3471,0.3471,0.3264,0.3264
1.173564	4,2,3,1,4	14,6,4,1,0	0.6529,0.5,0.5,0.5,0.3471,0.3471,0.3471,0.3264,0.3264
1.030278	4,2,3,1,2	14,6,4,3,0	0.7636,0.4667,0.4667,0.4667,0.4061,0.2969,0.2969,0.2667,0.2667
1.030278	4,2,3,1,3	14,6,4,3,0	0.7636,0.4667,0.4667,0.4667,0.4061,0.2969,0.2969,0.2667,0.2667
1.030278	4,2,3,1,2	14,6,4,5,0	0.7636,0.4667,0.4667,0.4667,0.4061,0.2969,0.2969,0.2667,0.2667
1.030278	4,2,3,1,3	14,6,4,5,0	0.7636,0.4667,0.4667,0.4667,0.4061,0.2969,0.2969,0.2667,0.2667
1.030278	4,2,3,1,2	14,6,4,7,0	0.7636,0.4667,0.4667,0.4667,0.4061,0.2969,0.2969,0.2667,0.2667
1.030278	4,2,3,1,3	14,6,4,7,0	0.7636,0.4667,0.4667,0.4667,0.4061,0.2969,0.2969,0.2667,0.2667
1.166667	4,2,1,3,2	14,6,5,4,0	0.6504,0.5,0.5,0.5,0.3333,0.3333,0.3333,0.3333,0.3333
1.166667	4,2,1,3,3	14,6,5,4,0	0.6504,0.5,0.5,0.5,0.3333,0.3333,0.3333,0.3333,0.3333
1.166667	4,2,1,3,4	14,6,5,4,0	0.6504,0.5,0.5,0.5,0.3333,0.3333,0.3333,0.3333,0.3333
1.0	4,2,1,3,2	14,6,7,4,0	0.7333,0.4667,0.4667,0.4667,0.3805,0.2667,0.2667,0.2667,0.2667
1.0	4,2,1,3,3	14,6,7,4,0	0.7333,0.4667,0.4667,0.4667,0.3805,0.2667,0.2667,0.2667,0.2667
1.169704	4,3,2,1,2	14,6,2,0,0	0.6606,0.5,0.5,0.5,0.3394,0.3394,0.3394,0.3303,0.3303
1.169704	4,3,2,1,3	14,6,2,0,0	0.6606,0.5,0.5,0.5,0.3394,0.3394,0.3394,0.3303,0.3303
1.169704	4,3,2,1,4	14,6,2,0,0	0.6606,0.5,0.5,0.5,0.3394,0.3394,0.3394,0.3303,0.3303
1.117818	4,3,2,1,1	14,6,2,1,0	0.5764,0.4236,0.4236,0.4236,0.4236,0.4236,0.4236,0.2707,0.2707
1.173564	4,3,2,1,2	14,6,2,1,0	0.6529,0.5,0.5,0.5,0.3471,0.3471,0.3471,0.3264,0.3264
1.173564	4,3,2,1,3	14,6,2,1,0	0.6529,0.5,0.5,0.5,0.3471,0.3471,0.3471,0.3264,0.3264
1.173564	4,3,2,1,4	14,6,2,1,0	0.6529,0.5,0.5,0.5,0.3471,0.3471,0.3471,0.3264,0.3264
1.030278	4,3,2,1,2	14,6,2,3,0	0.7636,0.4667,0.4667,0.4667,0.4061,0.2969,0.2969,0.2667,0.2667
1.030278	4,3,2,1,3	14,6,2,3,0	0.7636,0.4667,0.4667,0.4667,0.4061,0.2969,0.2969,0.2667,0.2667
1.030278	4,3,2,1,2	14,6,2,5,0	0.7636,0.4667,0.4667,0.4667,0.4061,0.2969,0.2969,0.2667,0.2667
1.030278	4,3,2,1,3	14,6,2,5,0	0.7636,0.4667,0.4667,0.4667,0.4061,0.2969,0.2969,0.2667,0.2667
1.030278	4,3,2,1,2	14,6,2,7,0	0.7636,0.4667,0.4667,0.4667,0.4061,0.2969,0.2969,0.2667,0.2667
1.030278	4,3,2,1,3	14,6,2,7,0	0.7636,0.4667,0.4667,0.4667,0.4061,0.2969,0.2969,0.2667,0.2667
1.166667	4,3,1,2,2	14,6,3,2,0	0.6504,0.5,0.5,0.5,0.3333,0.3333,0.3333,0.3333,0.3333
1.166667	4,3,1,2,3	14,6,3,2,0	0.6504,0.5,0.5,0.5,0.3333,0.3333,0.3333,0.3333,0.3333
1.166667	4,3,1,2,4	14,6,3,2,0	0.6504,0.5,0.5,0.5,0.3333,0.3333,0.3333,0.3333,0.3333
1.0	4,3,1,2,2	14,6,7,2,0	0.7333,0.4667,0.4667,0.4667,0.3805,0.2667,0.2667,0.2667,0.2667
1.0	4,3,1,2,3	14,6,7,2,0	0.7333,0.4667,0.4667,0.4667,0.3805,0.2667,0.2667,0.2667,0.2667
1.166667	4,1,2,3,2	14,7,6,4,0	0.6504,0.5,0.5,0.5,0.3333,0.3333,0.3333,0.3333,0.3333
1.166667	4,1,2,3,3	14,7,6,4,0	0.6504,0.5,0.5,0.5,0.3333,0.3333,0.3333,0.3333,0.3333
1.166667	4,1,2,3,4	14,7,6,4,0	0.6504,0.5,0.5,0.5,0.3333,0.3333,0.3333,0.3333,0.3333
1.166667	4,1,3,2,2	14,7,6,2,0	0.6504,0.5,0.5,0.5,0.3333,0.3333,0.3333,0.3333,0.3333
1.166667	4,1,3,2,3	14,7,6,2,0	0.6504,0.5,0.5,0.5,0.3333,0.3333,0.3333,0.3333,0.3333
1.166667	4,1,3,2,4	14,7,6,2,0	0.6504,0.5,0.5,0.5,0.3333,0.3333,0.3333,0.3333,0.3333
1.097698	1,4,2,3,4	15,8,0,0,0	0.569,0.569,0.569,0.431,0.3333,0.3333,0.3333,0.3333,0.3333
1.117818	1,4,2,3,3	15,8,0,4,0	0.5764,0.5764,0.5764,0.4236,0.4236,0.4236,0.4236,0.2707,0.2707
1.135345	1,4,2,3,4	15,8,0,4,0	0.5764,0.5764,0.5764,0.4236,0.4236,0.4236,0.4236,0.2882,0.2882
1.097698	1,4,3,2,4	15,8,0,0,0	0.569,0.569,0.569,0.431,0.3333,0.3333,0.3333,0.3333,0.3333
1.117818	1,4,3,2,2	15,8,0,2,0	0.5764,0.5764,0.5764,0.4236,0.4236,0.4236,0.4236,0.2707,0.2707
1.135345	1,4,3,2,4	15,8,0,2,0	0.5764,0.5764,0.5764,0.4236,0.4236,0.4236,0.4236,0.2882,0.2882
1.097698	1,4,2,3,4	15,8,2,0,0	0.569,0.569,0.569,0.431,0.3333,0.3333,0.3333,0.3333,0.3333
1.117818	1,4,2,3,3	15,8,2,4,0	0.5764,0.5764,0.5764,0.4236,0.4236,0.4236,0.4236,0.2707,0.2707
1.135345	1,4,2,3,4	15,8,2,4,0	0.5764,0.5764,0.5764,0.4236,0.4236,0.4236,0.4236,0.2882,0.2882
1.097698	1,4,3,2,4	15,8,4,0,0	0.569,0.569,0.569,0.431,0.3333,0.3333,0.3333,0.3333,0.3333
1.117818	1,4,3,2,2	15,8,4,2,0	0.5764,0.5764,0.5764,0.4236,0.4236,0.4236,0.4236,0.2707,0.2707
1.135345	1,4,3,2,4	15,8,4,2,0	0.5764,0.5764,0.5764,0.4236,0.4236,0.4236,0.4236,0.2882,0.2882
1.097698	1,4,2,3,4	15,8,6,0,0	0.569,0.569,0.569,0.431,0.3333,0.3333,0.3333,0.3333,0.3333
1.117818	1,4,2,3,2	15,8,6,4,0	0.5764,0.5764,0.5764,0.4236,0.4236,0.4236,0.2707,0.2707,0.2707
1.117818	1,4,2,3,3	15,8,6,4,0	0.5764,0.5764,0.5764,0.4236,0.4236,0.4236,0.2707,0.2707,0.2707
1.18046	1,4,2,3,4	15,8,6,4,0	0.5764,0.5764,0.5764,0.4236,0.4236,0.4236,0.3333,0.3333,0.3333
1.097698	1,4,3,2,4	15,8,6,0,0	0.569,0.569,0.569,0.431,0.3333,0.3333,0.3333,0.3333,0.3333
1.117818	1,4,3,2,2	15,8,6,2,0	0.5764,0.5764,0.5764,0.4236,0.4236,0.4236,0.2707,0.2707,0.2707
1.117818	1,4,3,2,3	15,8,6,2,0	0.5764,0.5764,0.5764,0.4236,0.4236,0.4236,0.2707,0.2707,0.2707
1.18046	1,4,3,2,4	15,8,6,2,0	0.5764,0.5764,0.5764,0.4236,0.4236,0.4236,0.3333,0.3333,0.3333
1.097698	1,2,4,3,4	15,10,8,0,0	0.569,0.569,0.569,0.431,0.3333,0.3333,0.3333,0.3333,0.3333
1.117818	1,2,4,3,3	15,10,8,4,0	0.5764,0.5764,0.5764,0.4236,0.4236,0.4236,0.4236,0.2707,0.2707
1.135345	1,2,4,3,4	15,10,8,4,0	0.5764,0.5764,0.5764,0.4236,0.4236,0.4236,0.4236,0.2882,0.2882
1.097698	1,2,3,4,4	15,10,12,8,0	0.569,0.569,0.569,0.431,0.3333,0.3333,0.3333,0.3333,0.3333
1.166667	1,3,4,2,3	15,12,8,0,0	0.6504,0.6504,0.5,0.5,0.3333,0.3333,0.3333,0.3333,0.3333
1.166667	1,3,4,2,4	15,12,8,0,0	0.6504,0.6504,0.5,0.5,0.3333,0.3333,0.3333,0.3333,0.3333
1.117818	1,3,4,2,2	15,12,8,2,0	0.5764,0.5764,0.4236,0.4236,0.4236,0.4236,0.4236,0.2707,0.2707
1.173564	1,3,4,2,3	15,12,8,2,0	0.6529,0.6529,0.5,0.5,0.3471,0.3471,0.3471,0.3264,0.3264
1.173564	1,3,4,2,4	15,12,8,2,0	0.6529,0.6529,0.5,0.5,0.3471,0.3471,0.3471,0.3264,0.3264
1.166667	1,3,2,4,3	15,12,10,8,0	0.6504,0.6504,0.5,0.5,0.3333,0.3333,0.3333,0.3333,0.3333
1.166667	1,3,2,4,4	15,12,10,8,0	0.6504,0.6504,0.5,0.5,0.3333,0.3333,0.3333,0.3333,0.3333
1.166667	1,4,3,2,3	15,12,4,0,0	0.6504,0.6504,0.5,0.5,0.3333,0.3333,0.3333,0.3333,0.3333
1.166667	1,4,3,2,4	15,12,4,0,0	0.6504,0.6504,0.5,0.5,0.3333,0.3333,0.3333,0.3333,0.3333
1.117818	1,4,3,2,2	15,12,4,2,0	0.5764,0.5764,0.4236,0.4236,0.4236,0.4236,0.4236,0.2707,0.2707
1.173564	1,4,3,2,3	15,12,4,2,0	0.6529,0.6529,0.5,0.5,0.3471,0.3471,0.3471,0.3264,0.3264
1.173564	1,4,3,2,4	15,12,4,2,0	0.6529,0.6529,0.5,0.5,0.3471,0.3471,0.3471,0.3264,0.3264
1.166667	1,4,2,3,3	15,12,6,4,0	0.6504,0.6504,0.5,0.5,0.3333,0.3333,0.3333,0.3333,0.3333
1.166667	1,4,2,3,4	15,12,6,4,0	0.6504,0.6504,0.5,0.5,0.3333,0.3333,0.3333,0.3333,0.3333
1.097698	1,2,4,3,4	15,14,8,0,0	0.569,0.569,0.569,0.431,0.3333,0.3333,0.3333,0.3333,0.3333
1.117818	1,2,4,3,3	15,14,8,4,0	0.5764,0.5764,0.5764,0.4236,0.4236,0.4236,0.4236,0.2707,0.2707
1.135345	1,2,4,3,4	15,14,8,4,0	0.5764,0.5764,0.5764,0.4236,0.4236,0.4236,0.4236,0.2882,0.2882
1.166667	1,2,3,4,1	15,14,12,8,0	0.5,0.5,0.5,0.5,0.3333,0.3333,0.3333,0.3333,0.3333
1.166667	1,2,3,4,2	15,14,12,8,0	0.5,0.5,0.5,0.5,0.3333,0.3333,0.3333,0.3333,0.3333
1.166667	1,2,3,4,3	15,14,12,8,0	0.5,0.5,0.5,0.5,0.3333,0.3333,0.3333,0.3333,0.3333
1.166667	1,2,3,4,4	15,14,12,8,0	0.5,0.5,0.5,0.5,0.3333,0.3333,0.3333,0.3333,0.3333
1.166667	1,2,4,3,1	15,14,12,4,0	0.5,0.5,0.5,0.5,0.3333,0.3333,0.3333,0.3333,0.3333
1.166667	1,2,4,3,2	15,14,12,4,0	0.5,0.5,0.5,0.5,0.3333,0.3333,0.3333,0.3333,0.3333
1.166667	1,2,4,3,3	15,14,12,4,0	0.5,0.5,0.5,0.5,0.3333,0.3333,0.3333,0.3333,0.3333
1.166667	1,2,4,3,4	15,14,12,4,0	0.5,0.5,0.5,0.5,0.3333,0.3333,0.3333,0.3333,0.3333
1.097698	1,3,4,2,4	15,14,8,0,0	0.569,0.569,0.569,0.431,0.3333,0.3333,0.3333,0.3333,0.3333
1.117818	1,3,4,2,2	15,14,8,2,0	0.5764,0.5764,0.5764,0.4236,0.4236,0.4236,0.4236,0.2707,0.2707
1.135345	1,3,4,2,4	15,14,8,2,0	0.5764,0.5764,0.5764,0.4236,0.4236,0.4236,0.4236,0.2882,0.2882
1.166667	1,3,2,4,1	15,14,10,8,0	0.5,0.5,0.5,0.5,0.3333,0.3333,0.3333,0.3333,0.3333
1.166667	1,3,2,4,2	15,14,10,8,0	0.5,0.5,0.5,0.5,0.3333,0.3333,0.3333,0.3333,0.3333
1.166667	1,3,2,4,3	15,14,10,8,0	0.5,0.5,0.5,0.5,0.3333,0.3333,0.3333,0.3333,0.3333
1.166667	1,3,2,4,4	15,14,10,8,0	0.5,0.5,0.5,0.5,0.3333,0.3333,0.3333,0.3333,0.3333
1.166667	1,3,4,2,1	15,14,10,2,0	0.5,0.5,0.5,0.5,0.3333,0.3333,0.3333,0.3333,0.3333
1.166667	1,3,4,2,2	15,14,10,2,0	0.5,0.5,0.5,0.5,0.3333,0.3333,0.3333,0.3333,0.3333
1.166667	1,3,4,2,3	15,14,10,2,0	0.5,0.5,0.5,0.5,0.3333,0.3333,0.3333,0.3333,0.3333
1.166667	1,3,4,2,4	15,14,10,2,0	0.5,0.5,0.5,0.5,0.3333,0.3333,0.3333,0.3333,0.3333
1.166667	1,4,2,3,1	15,14,6,4,0	0.5,0.5,0.5,0.5,0.3333,0.3333,0.3333,0.3333,0.3333
1.166667	1,4,2,3,2	15,14,6,4,0	0.5,0.5,0.5,0.5,0.3333,0.3333,0.3333,0.3333,0.3333
1.166667	1,4,2,3,3	15,14,6,4,0	0.5,0.5,0.5,0.5,0.3333,0.3333,0.3333,0.3333,0.3333
1.166667	1,4,2,3,4	15,14,6,4,0	0.5,0.5,0.5,0.5,0.3333,0.3333,0.3333,0.3333,0.3333
1.166667	1,4,3,2,1	15,14,6,2,0	0.5,0.5,0.5,0.5,0.3333,0.3333,0.3333,0.3333,0.3333
1.166667	1,4,3,2,2	15,14,6,2,0	0.5,0.5,0.5,0.5,0.3333,0.3333,0.3333,0.3333,0.3333
1.166667	1,4,3,2,3	15,14,6,2,0	0.5,0.5,0.5,0.5,0.3333,0.3333,0.3333,0.3333,0.3333
1.166667	1,4,3,2,4	15,14,6,2,0	0.5,0.5,0.5,0.5,0.3333,0.3333,0.3333,0.3333,0.3333
1.097698	2,4,1,3,4	15,8,0,0,0	0.569,0.569,0.569,0.431,0.3333,0.3333,0.3333,0.3333,0.3333
1.117818	2,4,1,3,3	15,8,0,4,0	0.5764,0.5764,0.5764,0.4236,0.4236,0.4236,0.4236,0.2707,0.2707
1.135345	2,4,1,3,4	15,8,0,4,0	0.5764,0.5764,0.5764,0.4236,0.4236,0.4236,0.4236,0.2882,0.2882
1.097698	2,4,3,1,4	15,8,0,0,0	0.569,0.569,0.569,0.431,0.3333,0.3333,0.3333,0.3333,0.3333
1.117818	2,4,3,1,1	15,8,0,1,0	0.5764,0.5764,0.5764,0.4236,0.4236,0.4236,0.4236,0.2707,0.2707
1.135345	2,4,3,1,4	15,8,0,1,0	0.5764,0.5764,0.5764,0.4236,0.4236,0.4236,0.4236,0.2882,0.2882
1.097698	2,4,1,3,4	15,8,1,0,0	0.569,0.569,0.569,0.431,0.3333,0.3333,0.3333,0.3333,0.3333
1.117818	2,4,1,3,3	15,8,1,4,0	0.5764,0.5764,0.5764,0.4236,0.4236,0.4236,0.4236,0.2707,0.2707
1.135345	2,4,1,3,4	15,8,1,4,0	0.5764,0.5764,0.5764,0.4236,0.4236,0.4236,0.4236,0.2882,0.2882
1.097698	2,4,3,1,4	15,8,4,0,0	0.569,0.569,0.569,0.431,0.3333,0.3333,0.3333,0.3333,0.3333
1.117818	2,4,3,1,1	15,8,4,1,0	0.5764,0.5764,0.5764,0.4236,0.4236,0.4236,0.4236,0.2707,0.2707
1.135345	2,4,3,1,4	15,8,4,1,0	0.5764,0.5764,0.5764,0.4236,0.4236,0.4236,0.4236,0.2882,0.2882
1.097698	2,4,1,3,4	15,8,5,0,0	0.569,0.569,0.569,0.431,0.3333,0.3333,0.3333,0.3333,0.3333
1.117818	2,4,1,3,1	15,8,5,4,0	0.5764,0.5764,0.5764,0.4236,0.4236,0.4236,0.2707,0.2707,0.2707
1.117818	2,4,1,3,3	15,8,5,4,0	0.5764,0.5764,0.5764,0.4236,0.4236,0.4236,0.2707,0.2707,0.2707
1.18046	2,4,1,3,4	15,8,5,4,0	0.5764,0.5764,0.5764,0.4236,0.4236,0.4236,0.3333,0.3333,0.3333
1.097698	2,4,3,1,4	15,8,5,0,0	0.569,0.569,0.569,0.431,0.3333,0.3333,0.3333,0.3333,0.3333
1.117818	2,4,3,1,1	15,8,5,1,0	0.5764,0.5764,0.5764,0.4236,0.4236,0.4236,0.2707,0.2707,0.2707
1.117818	2,4,3,1,3	15,8,5,1,0	0.5764,0.5764,0.5764,0.4236,0.4236,0.4236,0.2707,0.2707,0.2707
1.18046	2,4,3,1,4	15,8,5,1,0	0.5764,0.5764,0.5764,0.4236,0.4236,0.4236,0.3333,0.3333,0.3333
1.097698	2,1,4,3,4	15,9,8,0,0	0.569,0.569,0.569,0.431,0.3333,0.3333,0.3333,0.3333,0.3333
1.117818	2,1,4,3,3	15,9,8,4,0	0.5764,0.5764,0.5764,0.4236,0.4236,0.4236,0.4236,0.2707,0.2707
1.135345	2,1,4,3,4	15,9,8,4,0	0.5764,0.5764,0.5764,0.4236,0.4236,0.4236,0.4236,0.2882,0.2882
1.097698	2,1,3,4,4	15,9,12,8,0	0.569,0.569,0.569,0.431,0.3333,0.3333,0.3333,0.3333,0.3333
1.166667	2,3,4,1,3	15,12,8,0,0	0.6504,0.6504,0.5,0.5,0.3333,0.3333,0.3333,0.3333,0.3333
1.166667	2,3,4,1,4	15,12,8,0,0	0.6504,0.6504,0.5,0.5,0.3333,0.3333,0.3333,0.3333,0.3333
1.117818	2,3,4,1,1	15,12,8,1,0	0.5764,0.5764,0.4236,0.4236,0.4236,0.4236,0.4236,0.2707,0.2707
1.173564	2,3,4,1,3	15,12,8,1,0	0.6529,0.6529,0.5,0.5,0.3471,0.3471,0.3471,0.3264,0.3264
1.173564	2,3,4,1,4	15,12,8,1,0	0.6529,0.6529,0.5,0.5,0.3471,0.3471,0.3471,0.3264,0.3264
1.166667	2,3,1,4,3	15,12,9,8,0	0.6504,0.6504,0.5,0.5,0.3333,0.3333,0.3333,0.3333,0.3333
1.166667	2,3,1,4,4	15,12,9,8,0	0.6504,0.6504,0.5,0.5,0.3333,0.3333,0.3333,0.3333,0.3333
1.166667	2,4,3,1,3	15,12,4,0,0	0.6504,0.6504,0.5,0.5,0.3333,0.3333,0.3333,0.3333,0.3333
1.166667	2,4,3,1,4	15,12,4,0,0	0.6504,0.6504,0.5,0.5,0.3333,0.3333,0.3333,0.3333,0.3333
1.117818	2,4,3,1,1	15,12,4,1,0	0.5764,0.5764,0.4236,0.4236,0.4236,0.4236,0.4236,0.2707,0.2707
1.173564	2,4,3,1,3	15,12,4,1,0	0.6529,0.6529,0.5,0.5,0.3471,0.3471,0.3471,0.3264,0.3264
1.173564	2,4,3,1,4	15,12,4,1,0	0.6529,0.6529,0.5,0.5,0.3471,0.3471,0.3471,0.3264,0.3264
1.166667	2,4,1,3,3	15,12,5,4,0	0.6504,0.6504,0.5,0.5,0.3333,0.3333,0.3333,0.3333,0.3333
1.166667	2,4,1,3,4	15,12,5,4,0	0.6504,0.6504,0.5,0.5,0.3333,0.3333,0.3333,0.3333,0.3333
1.097698	2,1,4,3,4	15,13,8,0,0	0.569,0.569,0.569,0.431,0.3333,0.3333,0.3333,0.3333,0.3333
1.117818	2,1,4,3,3	15,13,8,4,0	0.5764,0.5764,0.5764,0.4236,0.4236,0.4236,0.4236,0.2707,0.2707
1.135345	2,1,4,3,4	15,13,8,4,0	0.5764,0.5764,0.5764,0.4236,0.4236,0.4236,0.4236,0.2882,0.2882
1.166667	2,1,3,4,1	15,13,12,8,0	0.5,0.5,0.5,0.5,0.3333,0.3333,0.3333,0.3333,0.3333
1.166667	2,1,3,4,2	15,13,12,8,0	0.5,0.5,0.5,0.5,0.3333,0.3333,0.3333,0.3333,0.3333
1.166667	2,1,3,4,3	15,13,12,8,0	0.5,0.5,0.5,0.5,0.3333,0.3333,0.3333,0.3333,0.3333
1.166667	2,1,3,4,4	15,13,12,8,0	0.5,0.5,0.5,0.5,0.3333,0.3333,0.3333,0.3333,0.3333
1.166667	2,1,4,3,1	15,13,12,4,0	0.5,0.5,0.5,0.5,0.3333,0.3333,0.3333,0.3333,0.3333
1.166667	2,1,4,3,2	15,13,12,4,0	0.5,0.5,0.5,0.5,0.3333,0.3333,0.3333,0.3333,0.3333
1.166667	2,1,4,3,3	15,13,12,4,0	0.5,0.5,0.5,0.5,0.3333,0.3333,0.3333,0.3333,0.3333
1.166667	2,1,4,3,4	15,13,12,4,0	0.5,0.5,0.5,0.5,0.3333,0.3333,0.3333,0.3333,0.3333
1.097698	2,3,4,1,4	15,13,8,0,0	0.569,0.569,0.569,0.431,0.3333,0.3333,0.3333,0.3333,0.3333
1.117818	2,3,4,1,1	15,13,8,1,0	0.5764,0.5764,0.5764,0.4236,0.4236,0.4236,0.4236,0.2707,0.2707
1.135345	2,3,4,1,4	15,13,8,1,0	0.5764,0.5764,0.5764,0.4236,0.4236,0.4236,0.4236,0.2882,0.2882
1.166667	2,3,1,4,1	15,13,9,8,0	0.5,0.5,0.5,0.5,0.3333,0.3333,0.3333,0.3333,0.3333
1.166667	2,3,1,4,2	15,13,9,8,0	0.5,0.5,0.5,0.5,0.3333,0.3333,0.3333,0.3333,0.3333
1.166667	2,3,1,4,3	15,13,9,8,0	0.5,0.5,0.5,0.5,0.3333,0.3333,0.3333,0.3333,0.3333
1.166667	2,3,1,4,4	15,13,9,8,0	0.5,0.5,0.5,0.5,0.3333,0.3333,0.3333,0.3333,0.3333
1.166667	2,3,4,1,1	15,13,9,1,0	0.5,0.5,0.5,0.5,0.3333,0.3333,0.3333,0.3333,0.3333
1.166667	2,3,4,1,2	15,13,9,1,0	0.5,0.5,0.5,0.5,0.3333,0.3333,0.3333,0.3333,0.3333
1.166667	2,3,4,1,3	15,13,9,1,0	0.5,0.5,0.5,0.5,0.3333,0.3333,0.3333,0.3333,0.3333
1.166667	2,3,4,1,4	15,13,9,1,0	0.5,0.5,0.5,0.5,0.3333,0.3333,0.3333,0.3333,0.3333
1.166667	2,4,1,3,1	15,13,5,4,0	0.5,0.5,0.5,0.5,0.3333,0.3333,0.3333,0.3333,0.3333
1.166667	2,4,1,3,2	15,13,5,4,0	0.5,0.5,0.5,0.5,0.3333,0.3333,0.3333,0.3333,0.3333
1.166667	2,4,1,3,3	15,13,5,4,0	0.5,0.5,0.5,0.5,0.3333,0.3333,0.3333,0.3333,0.3333
1.166667	2,4,1,3,4	15,13,5,4,0	0.5,0.5,0.5,0.5,0.3333,0.3333,0.3333,0.3333,0.3333
1.166667	2,4,3,1,1	15,13,5,1,0	0.5,0.5,0.5,0.5,0.3333,0.3333,0.3333,0.3333,0.3333
1.166667	2,4,3,1,2	15,13,5,1,0	0.5,0.5,0.5,0.5,0.3333,0.3333,0.3333,0.3333,0.3333
1.166667	2,4,3,1,3	15,13,5,1,0	0.5,0.5,0.5,0.5,0.3333,0.3333,0.3333,0.3333,0.3333
1.166667	2,4,3,1,4	15,13,5,1,0	0.5,0.5,0.5,0.5,0.3333,0.3333,0.3333,0.3333,0.3333
1.097698	3,4,1,2,4	15,8,0,0,0	0.569,0.569,0.569,0.431,0.3333,0.3333,0.3333,0.3333,0.3333
1.117818	3,4,1,2,2	15,8,0,2,0	0.5764,0.5764,0.5764,0.4236,0.4236,0.4236,0.4236,0.2707,0.2707
1.135345	3,4,1,2,4	15,8,0,2,0	0.5764,0.5764,0.5764,0.4236,0.4236,0.4236,0.4236,0.2882,0.2882
1.097698	3,4,2,1,4	15,8,0,0,0	0.569,0.569,0.569,0.431,0.3333,0.3333,0.3333,0.3333,0.3333
1.117818	3,4,2,1,1	15,8,0,1,0	0.5764,0.5764,0.5764,0.4236,0.4236,0.4236,0.4236,0.2707,0.2707
1.135345	3,4,2,1,4	15,8,0,1,0	0.5764,0.5764,0.5764,0.4236,0.4236,0.4236,0.4236,0.2882,0.2882
1.097698	3,4,1,2,4	15,8,1,0,0	0.569,0.569,0.569,0.431,0.3333,0.3333,0.3333,0.3333,0.3333
1.117818	3,4,1,2,2	15,8,1,2,0	0.5764,0.5764,0.5764,0.4236,0.4236,0.4236,0.4236,0.2707,0.2707
1.135345	3,4,1,2,4	15,8,1,2,0	0.5764,0.5764,0.5764,0.4236,0.4236,0.4236,0.4236,0.2882,0.2882
1.097698	3,4,2,1,4	15,8,2,0,0	0.569,0.569,0.569,0.431,0.3333,0.3333,0.3333,0.3333,0.3333
1.117818	3,4,2,1,1	15,8,2,1,0	0.5764,0.5764,0.5764,0.4236,0.4236,0.4236,0.4236,0.2707,0.2707
1.135345	3,4,2,1,4	15,8,2,1,0	0.5764,0.5764,0.5764,0.4236,0.4236,0.4236,0.4236,0.2882,0.2882
1.097698	3,4,1,2,4	15,8,3,0,0	0.569,0.569,0.569,0.431,0.3333,0.3333,0.3333,0.3333,0.3333
1.117818	3,4,1,2,1	15,8,3,2,0	0.5764,0.5764,0.5764,0.4236,0.4236,0.4236,0.2707,0.2707,0.2707
1.117818	3,4,1,2,2	15,8,3,2,0	0.5764,0.5764,0.5764,0.4236,0.4236,0.4236,0.2707,0.2707,0.2707
1.18046	3,4,1,2,4	15,8,3,2,0	0.5764,0.5764,0.5764,0.4236,0.4236,0.4236,0.3333,0.3333,0.3333
1.097698	3,4,2,1,4	15,8,3,0,0	0.569,0.569,0.569,0.431,0.3333,0.3333,0.3333,0.3333,0.3333
1.117818	3,4,2,1,1	15,8,3,1,0	0.5764,0.5764,0.5764,0.4236,0.4236,0.4236,0.2707,0.2707,0.2707
1.117818	3,4,2,1,2	15,8,3,1,0	0.5764,0.5764,0.5764,0.4236,0.4236,0.4236,0.2707,0.2707,0.2707
1.18046	3,4,2,1,4	15,8,3,1,0	0.5764,0.5764,0.5764,0.4236,0.4236,0.4236,0.3333,0.3333,0.3333
1.097698	3,1,4,2,4	15,9,8,0,0	0.569,0.569,0.569,0.431,0.3333,0.3333,0.3333,0.3333,0.3333
1.117818	3,1,4,2,2	15,9,8,2,0	0.5764,0.5764,0.5764,0.4236,0.4236,0.4236,0.4236,0.2707,0.2707
1.135345	3,1,4,2,4	15,9,8,2,0	0.5764,0.5764,0.5764,0.4236,0.4236,0.4236,0.4236,0.2882,0.2882
1.097698	3,1,2,4,4	15,9,10,8,0	0.569,0.569,0.569,0.431,0.3333,0.3333,0.3333,0.3333,0.3333
1.097698	3,2,4,1,4	15,10,8,0,0	0.569,0.569,0.569,0.431,0.3333,0.3333,0.3333,0.3333,0.3333
1.117818	3,2,4,1,1	15,10,8,1,0	0.5764,0.5764,0.5764,0.4236,0.4236,0.4236,0.4236,0.2707,0.2707
1.135345	3,2,4,1,4	15,10,8,1,0	0.5764,0.5764,0.5764,0.4236,0.4236,0.4236,0.4236,0.2882,0.2882
1.097698	3,2,1,4,4	15,10,9,8,0	0.569,0.569,0.569,0.431,0.3333,0.3333,0.3333,0.3333,0.3333
1.097698	3,1,4,2,4	15,11,8,0,0	0.569,0.569,0.569,0.431,0.3333,0.3333,0.3333,0.3333,0.3333
1.117818	3,1,4,2,2	15,11,8,2,0	0.5764,0.5764,0.5764,0.4236,0.4236,0.4236,0.4236,0.2707,0.2707
1.135345	3,1,4,2,4	15,11,8,2,0	0.5764,0.5764,0.5764,0.4236,0.4236,0.4236,0.4236,0.2882,0.2882
1.166667	3,1,2,4,1	15,11,10,8,0	0.5,0.5,0.5,0.5,0.3333,0.3333,0.3333,0.3333,0.3333
1.166667	3,1,2,4,2	15,11,10,8,0	0.5,0.5,0.5,0.5,0.3333,0.3333,0.3333,0.3333,0.3333
1.166667	3,1,2,4,3	15,11,10,8,0	0.5,0.5,0.5,0.5,0.3333,0.3333,0.3333,0.3333,0.3333
1.166667	3,1,2,4,4	15,11,10,8,0	0.5,0.5,0.5,0.5,0.3333,0.3333,0.3333,0.3333,0.3333
1.166667	3,1,4,2,1	15,11,10,2,0	0.5,0.5,0.5,0.5,0.3333,0.3333,0.3333,0.3333,0.3333
1.166667	3,1,4,2,2	15,11,10,2,0	0.5,0.5,0.5,0.5,0.4883,0.3333,0.3333,0.3333,0.3333
1.166667	3,1,4,2,3	15,11,10,2,0	0.5,0.5,0.5,0.5,0.3333,0.3333,0.3333,0.3333,0.3333
1.166667	3,1,4,2,4	15,11,10,2,0	0.5,0.5,0.5,0.5,0.3333,0.3333,0.3333,0.3333,0.3333
1.097698	3,2,4,1,4	15,11,8,0,0	0.569,0.569,0.569,0.431,0.3333,0.3333,0.3333,0.3333,0.3333
1.117818	3,2,4,1,1	15,11,8,1,0	0.5764,0.5764,0.5764,0.4236,0.4236,0.4236,0.4236,0.2707,0.2707
1.135345	3,2,4,1,4	15,11,8,1,0	0.5764,0.5764,0.5764,0.4236,0.4236,0.4236,0.4236,0.2882,0.2882
1.166667	3,2,1,4,1	15,11,9,8,0	0.5,0.5,0.5,0.5,0.3333,0.3333,0.3333,0.3333,0.3333
1.166667	3,2,1,4,2	15,11,9,8,0	0.5,0.5,0.5,0.5,0.3333,0.3333,0.3333,0.3333,0.3333
1.166667	3,2,1,4,3	15,11,9,8,0	0.5,0.5,0.5,0.5,0.3333,0.3333,0.3333,0.3333,0.3333
1.166667	3,2,1,4,4	15,11,9,8,0	0.5,0.5,0.5,0.5,0.3333,0.3333,0.3333,0.3333,0.3333
1.166667	3,2,4,1,1	15,11,9,1,0	0.5,0.5,0.5,0.5,0.4883,0.3333,0.3333,0.3333,0.3333
1.166667	3,2,4,1,2	15,11,9,1,0	0.5,0.5,0.5,0.5,0.4883,0.3333,0.3333,0.3333,0.3333
1.166667	3,2,4,1,3	15,11,9,1,0	0.5,0.5,0.5,0.5,0.3333,0.3333,0.3333,0.3333,0.3333
1.166667	3,2,4,1,4	15,11,9,1,0	0.5,0.5,0.5,0.5,0.3333,0.3333,0.3333,0.3333,0.3333
1.166667	3,4,1,2,1	15,11,3,2,0	0.5,0.5,0.5,0.5,0.3333,0.3333,0.3333,0.3333,0.3333
1.166667	3,4,1,2,2	15,11,3,2,0	0.5,0.5,0.5,0.5,0.3333,0.3333,0.3333,0.3333,0.3333
1.166667	3,4,1,2,3	15,11,3,2,0	0.5,0.5,0.5,0.5,0.3333,0.3333,0.3333,0.3333,0.3333
1.166667	3,4,1,2,4	15,11,3,2,0	0.5,0.5,0.5,0.5,0.3333,0.3333,0.3333,0.3333,0.3333
1.166667	3,4,2,1,1	15,11,3,1,0	0.5,0.5,0.5,0.5,0.3333,0.3333,0.3333,0.3333,0.3333
1.166667	3,4,2,1,2	15,11,3,1,0	0.5,0.5,0.5,0.5,0.3333,0.3333,0.3333,0.3333,0.3333
1.166667	3,4,2,1,3	15,11,3,1,0	0.5,0.5,0.5,0.5,0.3333,0.3333,0.3333,0.3333,0.3333
1.166667	3,4,2,1,4	15,11,3,1,0	0.5,0.5,0.5,0.5,0.4883,0.3333,0.3333,0.3333,0.3333
1.166667	4,1,2,3,1	15,7,6,4,0	0.5,0.5,0.5,0.5,0.3333,0.3333,0.3333,0.3333,0.3333
1.166667	4,1,2,3,2	15,7,6,4,0	0.5,0.5,0.5,0.5,0.3333,0.3333,0.3333,0.3333,0.3333
1.166667	4,1,2,3,3	15,7,6,4,0	0.5,0.5,0.5,0.5,0.3333,0.3333,0.3333,0.3333,0.3333
1.166667	4,1,2,3,4	15,7,6,4,0	0.5,0.5,0.5,0.5,0.3333,0.3333,0.3333,0.3333,0.3333
1.166667	4,1,3,2,1	15,7,6,2,0	0.5,0.5,0.5,0.5,0.3333,0.3333,0.3333,0.3333,0.3333
1.166667	4,1,3,2,2	15,7,6,2,0	0.5,0.5,0.5,0.5,0.3333,0.3333,0.3333,0.3333,0.3333
1.166667	4,1,3,2,3	15,7,6,2,0	0.5,0.5,0.5,0.5,0.3333,0.3333,0.3333,0.3333,0.3333
1.166667	4,1,3,2,4	15,7,6,2,0	0.5,0.5,0.5,0.5,0.3333,0.3333,0.3333,0.3333,0.3333
1.166667	4,2,1,3,1	15,7,5,4,0	0.5,0.5,0.5,0.5,0.3333,0.3333,0.3333,0.3333,0.3333
1.166667	4,2,1,3,2	15,7,5,4,0	0.5,0.5,0.5,0.5,0.3333,0.3333,0.3333,0.3333,0.3333
1.166667	4,2,1,3,3	15,7,5,4,0	0.5,0.5,0.5,0.5,0.3333,0.3333,0.3333,0.3333,0.3333
1.166667	4,2,1,3,4	15,7,5,4,0	0.5,0.5,0.5,0.5,0.3333,0.3333,0.3333,0.3333,0.3333
1.166667	4,2,3,1,1	15,7,5,1,0	0.5,0.5,0.5,0.5,0.3333,0.3333,0.3333,0.3333,0.3333
1.166667	4,2,3,1,2	15,7,5,1,0	0.5,0.5,0.5,0.5,0.3333,0.3333,0.3333,0.3333,0.3333
1.166667	4,2,3,1,3	15,7,5,1,0	0.5,0.5,0.5,0.5,0.3333,0.3333,0.3333,0.3333,0.3333
1.166667	4,2,3,1,4	15,7,5,1,0	0.5,0.5,0.5,0.5,0.3333,0.3333,0.3333,0.3333,0.3333
1.166667	4,3,1,2,1	15,7,3,2,0	0.5,0.5,0.5,0.5,0.3333,0.3333,0.3333,0.3333,0.3333
1.166667	4,3,1,2,2	15,7,3,2,0	0.5,0.5,0.5,0.5,0.3333,0.3333,0.3333,0.3333,0.3333
1.166667	4,3,1,2,3	15,7,3,2,0	0.5,0.5,0.5,0.5,0.3333,0.3333,0.3333,0.3333,0.3333
1.166667	4,3,1,2,4	15,7,3,2,0	0.5,0.5,0.5,0.5,0.3333,0.3333,0.3333,0.3333,0.3333
1.166667	4,3,2,1,1	15,7,3,1,0	0.5,0.5,0.5,0.5,0.4883,0.3333,0.3333,0.3333,0.3333
1.166667	4,3,2,1,2	15,7,3,1,0	0.5,0.5,0.5,0.5,0.3333,0.3333,0.3333,0.3333,0.3333
1.166667	4,3,2,1,3	15,7,3,1,0	0.5,0.5,0.5,0.5,0.3333,0.3333,0.3333,0.3333,0.3333
1.166667	4,3,2,1,4	15,7,3,1,0	0.5,0.5,0.5,0.5,0.3333,0.3333,0.3333,0.3333,0.3333
